Over Number,Run/Outcome,Bowler Name,Batter Name,Length of Ball,Line of Ball,Shot Type,Shot Placement
48.6,4,Bumrah,Phehlukwayo,Good Length,Off Stump,Hook shot,Cover
48.5,1,Bumrah,du Plessis, outside off,Leg Stump,Pull shot,Third man
48.4,2,Bumrah,du Plessis,outside off,Middle,Square cut,extra cover
48.3,6,Bumrah,du Plessis, Straight ,outside leg stump,Back defence,Cover
48.2,2,Bumrah,du Plessis, leg stump,Outside off Stump,Off drive,Cover
48.1,1,Bumrah,Phehlukwayo, Flat ,Off Stump,Straight drive,Cover
46.6,,Bumrah,du Plessis, Straight,Leg Stump,On drive,fine leg
46.5,1,Bumrah,Phehlukwayo, Flat offbreak,Middle,Sweep shot,extra cover
46.4,1,Bumrah,du Plessis, outside off,outside leg stump,Forward defence,Cover
46.3,6,Bumrah,du Plessis, yorker length,Outside off Stump,Cut,Cover
46.2,2,Bumrah,du Plessis, Touch short,Off Stump,Reverse sweep," 
Straight hit"
46.1,1,Bumrah,Phehlukwayo, Looped up,Leg Stump,slog and slog sweep,Cover
44.6,,Bumrah,du Plessis, outside off,Middle,upper cut,"
Straight hit"
44.5,,Bumrah,Phehlukwayo, middle ,outside leg stump,Switch hit,extra cover
44.4,1,Bumrah,du Plessis, outside off,Outside off Stump,Scoop/ramp,extra cover
44.3,,Bumrah,du Plessis, outside off,Off Stump,Helicopter shot,extra cover
44.2,1,Bumrah,Phehlukwayo, Straight,Leg Stump,French cut,extra cover
44.1,1,Bumrah,du Plessis, leg stump,Middle,Hook shot,Square
35.6,4,Bumrah,du Plessis, middle,outside leg stump,Pull shot,extra cover
35.5,,Bumrah,du Plessis, Straight,Outside off Stump,Square cut,extra cover
35.4,,Bumrah,du Plessis, offbreak,Off Stump,Back defence,extra cover
35.3,1,Bumrah,Morris, outside off,Leg Stump,Off drive,extra cover
35.3,1w,Bumrah,Morris, yorker length,Middle,Straight drive,Cover
35.2,,Bumrah,Morris,short,outside leg stump,On drive,extra cover
35.1,2,Bumrah,Morris, yorker length,Outside off Stump,Sweep shot,Square
33.6,4,Bumrah,Morris, Full ,Off Stump,Forward defence,extra cover
33.5,1,Bumrah,du Plessis, outside off,Leg Stump,Cut,
33.4,1,Bumrah,Morris,middle,Middle,Reverse sweep,extra cover
33.3,1,Bumrah,du Plessis, outside off,outside leg stump,slog and slog sweep,extra cover
33.2,,Bumrah,du Plessis, outside off,Outside off Stump,upper cut,Cover
33.1,,Bumrah,du Plessis,Looped up,Off Stump,Switch hit,Cover
31.6,,Bumrah,Morris,outside off,Leg Stump,Scoop/ramp,Long on
31.5,,Bumrah,Morris, middle ,Middle,Helicopter shot,Cover
31.4,,Bumrah,Morris, outside off,outside leg stump,French cut,Cover
31.3,,Bumrah,Morris, outside off,Outside off Stump,Hook shot,Cover
31.2,1,Bumrah,du Plessis,Straight,Off Stump,Pull shot,Cover
31.1,,Bumrah,du Plessis,leg stump,Leg Stump,Square cut,Long off
7.6,,Bumrah,de Kock,Flat,Middle,Back defence,Cover
7.5,1,Bumrah,du Plessis,Straight ,outside leg stump,Off drive, extra cover
7.4,,Bumrah,du Plessis,offbreak,Outside off Stump,Straight drive,Cover
7.3,W,Bumrah,Amla, outside off,Shorter length,On drive,Cover
7.2,1,Bumrah,de Kock, yorker length,Outside off,Sweep shot,Cover
7.1,,Bumrah,de Kock,short ,Tossed up,Forward defence,Cover
5.6,,Bumrah,de Kock, yorker length,Turning outside off,Cut,fine
5.5,,Bumrah,de Kock,Full ,FullToss,Reverse sweep,Cover
5.4,4,Bumrah,de Kock, outside off,Smashed off the back foot,slog and slog sweep,Cover
5.3,1,Bumrah,Amla, outside off,Banged in short again,upper cut,Cover
5.2,,Bumrah,Amla,Good Length, beats the inside edge,Switch hit,
5.1,,Bumrah,Amla,outside off, bouncer,Scoop/ramp,Square
0.6,,Bhuvneshwar,de Kock,short,Line isn't good,Helicopter shot,Thirdman
0.5,4,Bhuvneshwar,de Kock,yorker length,Chopped away towards cover,French cut,Gully
0.4,,Bhuvneshwar,de Kock,Full length,Blocked,Hook shot,Cover
0.3,,Bhuvneshwar,de Kock,Good Length,A bit of turn,Pull shot,point
0.2,,Bhuvneshwar,de Kock,Back of a length,Works to square leg,Square cut,Mid-off
0.1,,Bhuvneshwar,de Kock,short,Cut towards point,Back defence,Mid-on
3.3,,Bumrah,de Kock,Full length,Clipped to long-on,Off drive,Deep
3.2,,Bumrah,de Kock,Good Length,Outside off,Straight drive,Long off
3.1,,Bumrah,de Kock,Back of a length,Dabbed just past the keeper,On drive,Long on
1.6,,Bumrah,de Kock,Full and straight,Well-directed,Sweep shot,Straight
1.5,,Bumrah,de Kock,Fired in on off,Angled to point,Forward defence,Straight hit
1.4,4,Bumrah,de Kock,Short,Carved to point,Cut,Wide
1.3,,Bumrah,de Kock,short,Too short on off,Reverse sweep,Square
1.2,,Bumrah,de Kock,yorker length,Worked down to fine leg,slog and slog sweep,Fine
1.1,,Bumrah,de Kock,Full length,Waits for the bounce,upper cut,"
Deep extra cover"
31.5,W,Bumrah,Tahir,Good Length,Tossed up,Switch hit,Cover
31.4,,Bumrah,Tahir,Back of a length,Helped it away,Scoop/ramp,Square
31.3,,Bumrah,Tahir,short, towards deep cover,Helicopter shot,Thirdman
31.2,,Bumrah,Tahir,yorker length,Pushed towards cover,French cut,Gully
31.1,1,Bumrah,Morris,Full length,Flight on off,Hook shot,Cover
7.6,1,Bumrah,Amla,Good Length,Tossed up,Pull shot,point
7.5,,Bumrah,Amla,Back of a length,Flat on middle,Square cut,Mid-off
7.4,2,Bumrah,Amla,short,Driven down to long-off,Back defence,Mid-on
7.3,1,Bumrah,de Kock,yorker length,Off Stump,Off drive,Deep
7.2,,Bumrah,de Kock,Full length,Tossed up,Straight drive,Long off
7.1,,Bumrah,de Kock,Good Length,Tight line,On drive,Long on
5.6,1,Bumrah,Amla,Back of a length,Tossed up,Sweep shot,Straight
5.5,1,Bumrah,de Kock,short,Shorter length,Forward defence,Straight hit
5.4,,Bumrah,de Kock,yorker length,Outside off,Cut,Wide
5.3,1,Bumrah,Amla,Full length,Tossed up,Reverse sweep,Square
5.2,1,Bumrah,de Kock,Good Length,Turning outside off,slog and slog sweep,Fine
5.1,,Bumrah,de Kock,Back of a length,FullToss,upper cut,"
Deep extra cover"
3.6,,Bumrah,Amla,short,Smashed off the back foot,Switch hit,Square
3.5,1,Bumrah,de Kock,yorker length,Banged in short again,Scoop/ramp,Thirdman
3.4,,Bumrah,de Kock,Full length, beats the inside edge,Helicopter shot,Gully
3.3,,Bumrah,de Kock,Good Length, outside off stump,French cut,Cover
3.2,,Bumrah,de Kock,Back of a length,Off Stump,Hook shot,point
3.1,2,Bumrah,de Kock,short,FullToss,Pull shot,Mid-off
1.6,,Bumrah,de Kock,yorker length,Tight line,Square cut,Mid-on
1.5,,Bumrah,de Kock,Full length,A bit of turn ,Back defence,Deep
1.4,,Bumrah,de Kock,Good Length,Shorter length,Off drive,Long off
1.3,,Bumrah,de Kock,Back of a length,Outside off,Straight drive,Long on
1.2,,Bumrah,de Kock,short,Tossed up,On drive,Straight
1.1,,Bumrah,de Kock,yorker length,Turning outside off,Sweep shot,Straight hit
32.6,1,Bumrah,Zondo,Full length,FullToss,Forward defence,Wide
32.5,3,Bumrah,Morris,Good Length,Smashed off the back foot,Cut,Square
32.4,,Bumrah,Morris,Back of a length,Banged in short again,Reverse sweep,Fine
32.3,W,Bumrah,Miller,short, beats the inside edge,slog and slog sweep,"
Deep extra cover"
32.2,1lb,Bumrah,Zondo,yorker length,Off Stump,upper cut,Square
32.1,,Bumrah,Zondo,Full length,Missed Stumping! A massive gallop down the pitch,Switch hit,Thirdman
30.6,,Bumrah,Miller,Good Length,Tight line,Scoop/ramp,Square
30.5,,Bumrah,Miller,Back of a length,A bit of turn again ,Helicopter shot,Thirdman
30.4,,Bumrah,Miller,short,Shorter length,French cut,Square
30.3,,Bumrah,Miller,yorker length, extra cover fielder. ,Hook shot,Thirdman
30.2,1,Bumrah,Zondo,Full length,on the leg side,Pull shot,Gully
30.2,1w,Bumrah,Zondo,Good Length, inside half on the forward push,Square cut,Cover
30.1,1,Bumrah,Miller,Back of a length, deep in the crease,Back defence,point
28.6,,Bumrah,Zondo,short, on middle stump,Off drive,Mid-off
28.5,,Bumrah,Zondo,yorker length,Off Stump,Straight drive,Mid-on
28.4,1,Bumrah,Miller,Full length,Missed Stumping!,On drive,Deep
28.3,4,Bumrah,Miller,Good Length,Tight line,Sweep shot,Long off
28.2,,Bumrah,Miller,Back of a length,A bit of turn again,Forward defence,Long on
28.1,2,Bumrah,Miller,short,Shorter length,Cut,Straight
7.6,2,Bumrah,Markram,yorker length,Outside off,Reverse sweep,Straight hit
7.5,,Bumrah,Markram,Full length,Tossed up,slog and slog sweep,Wide
7.4,3,Bumrah,Duminy,Good Length,Turning outside off,upper cut,Square
7.3,,Bumrah,Duminy,Back of a length,FullToss,Switch hit,Fine
7.2,,Bumrah,Duminy,short,Smashed off the back foot,Scoop/ramp,"
Deep extra cover"
7.1,1,Bumrah,Markram,yorker length,Banged in short again,Helicopter shot,Fine
5.6,,Bumrah,Markram,Full length, beats the inside edge,French cut,Fine
5.5,,Bumrah,Markram,Good Length,Off Stump,Hook shot,Square
5.4,,Bumrah,Markram,Back of a length,Banged in short again,Pull shot,Thirdman
5.3,,Bumrah,Markram,short,Tight line,Square cut,Gully
5.2,,Bumrah,Markram,yorker length,A bit of turn again,Back defence,Cover
5.1,2,Bumrah,Markram,Full length,Shorter length,Off drive,point
3.6,4,Bumrah,Duminy,Good Length,Off Stump,Straight drive,Mid-off
3.5,,Bumrah,Duminy,Back of a length,Missed Stumping! ,On drive,Mid-on
3.4,,Bumrah,Duminy,short,Tight line,Sweep shot,Deep
3.3,,Bumrah,Duminy,yorker length,A bit of turn again,Forward defence,Long off
3.2,1,Bumrah,Markram,Full length,Shorter length,Cut,Long on
3.1,,Bumrah,Markram,Good Length,Outside off,Reverse sweep,Straight
1.6,,Bumrah,Markram,Back of a length,Tossed up,slog and slog sweep,Straight hit
1.5,,Bumrah,Markram,short,Turning outside off,upper cut,Wide
1.4,1,Bumrah,Duminy,yorker length,FullToss,Switch hit,Square
1.3,4,Bumrah,Duminy,Full length,Tight line,Scoop/ramp,Fine
1.2,,Bumrah,Duminy,Good Length, short ,Helicopter shot,"
Deep extra cover"
1.1,W,Bumrah,Amla,Back of a length,Tossed up,French cut,Mid-on
22.6,1,Bumrah,Klaasen,short,Off Stump,Hook shot,Deep
22.5,1lb,Bumrah,Miller,yorker length,OutsideOff,Pull shot,Long off
22.4,,Bumrah,Miller,Full length,Tight line,Square cut,Long on
22.3,,Bumrah,Miller,Good Length, bit of turn ,Back defence,Straight
22.2,1,Bumrah,Klaasen,Back of a length,Shorter length,Off drive,Square
22.1,4,Bumrah,Klaasen,short,Off Stump,Straight drive,Thirdman
7.6,,Bumrah,Amla,yorker length,gallop down the pitch,On drive,Gully
7.5,,Bumrah,Amla,Full length,Tight line,Sweep shot,Cover
7.4,,Bumrah,Amla,Good Length,Off Stump,Forward defence,point
7.3,1,Bumrah,Duminy,Back of a length,Shorter length,Cut,Mid-off
7.2,W,Bumrah,Markram,Slower ball,Outside off,Reverse sweep,Mid-on
7.1,,Bumrah,Markram,Slower and fuller,Tossed up,slog and slog sweep,Deep
5.6,1,Bumrah,Amla,Length,Turning outside off,upper cut,Long off
5.5,,Bumrah,Amla,short,FullToss,Switch hit,Long on
5.4,,Bumrah,Amla,yorker length,Turning outside off,Scoop/ramp,Straight
5.3,,Bumrah,Amla,Full length,Tight line,Helicopter shot,Straight hit
5.2,4,Bumrah,Amla,Good Length,Outside off,French cut,Wide
5.1,1,Bumrah,Markram,Back of a length,Off Stump,Hook shot,Square
3.6,,Bumrah,Amla,short,Outside off,Pull shot,Fine
3.5,,Bumrah,Amla,yorker length,Tight line,Square cut,Mid-on
3.4,3,Bumrah,Markram,Full length,A bit of turn again,Back defence, down leg 
3.3,,Bumrah,Markram,Good Length,Shorter length,Off drive, deep square leg
3.2,,Bumrah,Markram,Back of a length,Off Stump,Straight drive,Long on
3.1,,Bumrah,Markram,Friendly length,Missed Stumping,On drive, deep square leg
1.6,1lb,Bumrah,Markram,short,Tight line,Sweep shot, down leg 
1.5,4,Bumrah,Markram,yorker length,A bit of turn again,Forward defence,Mid-on
1.4,,Bumrah,Markram,Full length,Shorter length,Cut, deep square leg
7.4,,Bumrah,Amla,Good Length,Outside off,Reverse sweep,Fine
7.3,1,Bumrah,Duminy,Back of a length,Tossed up,slog and slog sweep, deep square leg
7.2,W,Bumrah,Markram,Friendly length,Turning outside off,upper cut,Fine
7.1,,Bumrah,Markram,short,FullToss,Switch hit,Square
5.6,1,Bumrah,Amla,yorker length,Smashed off the back foot,Scoop/ramp,Thirdman
5.5,,Bumrah,Amla,Full length,Banged in short again,Helicopter shot,Gully
5.4,,Bumrah,Amla,Good Length, beats the inside edge,French cut,Cover
5.3,,Bumrah,Amla,Back of a length,Off Stump,Hook shot,point
5.2,4,Bumrah,Amla,Friendly length,Missed Stumping,Pull shot,Mid-off
5.1,1,Bumrah,Markram,short,Tight line,Square cut,Mid-on
3.6,,Bumrah,Amla,yorker length,A bit of turn again,Back defence,Deep
3.5,,Bumrah,Amla,Full length,Shorter length,Off drive,Long off
3.4,3,Bumrah,Markram,Good Length,straight,Straight drive,Long on
3.3,,Bumrah,Markram,Back of a length,square leg,On drive,Straight
3.2,,Bumrah,Markram,Friendly length,long-on,Sweep shot,Straight hit
3.1,,Bumrah,Markram,short,extra cover,Forward defence,Wide
1.6,1lb,Bumrah,Markram,yorker length,leg side,Cut,Square
1.5,4,Bumrah,Markram,Full length,pads,Reverse sweep,Fine
1.4,,Bumrah,Markram,Good Length,leg side,slog and slog sweep,deep midwicket
7.4,,Bumrah,Amla,Back of a length,middle and leg,upper cut,fine leg
7.3,1,Bumrah,Duminy,Friendly length,leg side,Switch hit,-
7.2,W,Bumrah,Markram,short,square leg,Scoop/ramp,-
7.1,,Bumrah,Markram,yorker length,cover,Helicopter shot,keeper
5.6,1,Bumrah,Amla,Full length,square leg,French cut,deep square leg
5.5,,Bumrah,Amla,Good Length,leg stump,-,leg side
5.4,,Bumrah,Amla,Back of a length,leg side,-,deep midwicket
5.3,,Bumrah,Amla,Friendly length,midwicket,-,deep midwicket
5.2,4,Bumrah,Amla,short,cover,Hook shot,-
5.1,1,Bumrah,Markram,yorker length,long-on,Pull shot,wide long-on
3.6,,Bumrah,Amla,Full length,deep cover,Square cut,-
3.5,,Bumrah,Amla,Good Length,long-on,Back defence,-
3.4,3,Bumrah,Markram,Back of a length,-,Off drive,-
3.3,,Bumrah,Markram,Friendly length,down leg,Straight drive,-
3.2,,Bumrah,Markram,short,cover,On drive,cover
3.1,,Bumrah,Markram,yorker length,leg side,Sweep shot,fine leg
1.6,1lb,Bumrah,Markram,Full length,short third man,Forward defence,-
1.5,4,Bumrah,Markram,Good Length,cover,Cut,-
1.4,,Bumrah,Markram,Back of a length,midwicket,Reverse sweep,deep midwicket
7.4,,Bumrah,Amla,Friendly length,down leg,slog and slog sweep,-
7.3,1,Bumrah,Duminy,short,square leg,upper cut,-
7.2,W,Bumrah,Markram,yorker length,mid-off,Switch hit,-
7.1,,Bumrah,Markram,Full length,cover,Scoop/ramp,-
5.6,1,Bumrah,Amla,Good Length,good length outside off,Helicopter shot,Square
5.5,,Bumrah,Amla,Back of a length,Strays well down leg for a wide.,French cut,Thirdman
5.4,,Bumrah,Amla,Friendly length,Full delivery around off,Hook shot,Gully
5.3,,Bumrah,Amla,short,On a length around off,Pull shot,Cover
5.2,4,Bumrah,Amla,yorker length,Steps down,Square cut,point
5.1,1,Bumrah,Markram,Full length,Full and wide outside off,Back defence,Mid-off
3.6,,Bumrah,Amla,Good Length,Good length outside off,Off drive,Mid-on
3.5,,Bumrah,Amla,Back of a length,Short and wide outside off,Straight drive,Deep
3.4,3,Bumrah,Markram, bouncer, outside off,On drive,Long off
3.3,,Bumrah,Markram,Friendly length,Shortish on off stump,Sweep shot,Long on
3.2,,Bumrah,Markram,Full length,Tossed up,Forward defence,Straight
3.1,,Bumrah,Markram,Good Length,Off Stump,Cut,Straight hit
1.6,1lb,Bumrah,Markram,Back of a length,OutsideOff,Reverse sweep,Wide
1.5,4,Bumrah,Markram,Friendly length,Tight line,slog and slog sweep,Square
1.4,,Bumrah,Markram,short, bit of turn ,upper cut,Fine
7.4,,Bumrah,Amla,yorker length,Shorter length,Switch hit,Square
7.3,1,Bumrah,Duminy,Full length,Off Stump,Scoop/ramp,Thirdman
7.2,W,Bumrah,Markram,Good Length,gallop down the pitch,Helicopter shot,Gully
7.1,,Bumrah,Markram,Back of a length,Tight line,French cut,Cover
5.6,1,Bumrah,Amla,Friendly length,Off Stump,,point
5.5,,Bumrah,Amla,short,Shorter length,,Mid-off
5.4,,Bumrah,Amla,yorker length,Outside off,Hook shot,Mid-on
5.3,,Bumrah,Amla,Full length,Tossed up,Pull shot,Deep
5.2,4,Bumrah,Amla,Good Length,Turning outside off,Square cut,Long off
5.1,1,Bumrah,Markram,Back of a length,FullToss,Back defence,Long on
3.6,,Bumrah,Amla, bouncer,Turning outside off,Off drive,Straight
3.5,,Bumrah,Amla,Friendly length,Tight line,Straight drive,Straight hit
3.4,3,Bumrah,Markram,Full length,Outside off,On drive,Wide
3.3,,Bumrah,Markram,Good Length,Off Stump,Sweep shot,Square
3.2,,Bumrah,Markram,Back of a length,Outside off,Forward defence,Fine
3.1,,Bumrah,Markram,Friendly length,Tight line,Cut,Mid-off
1.6,1lb,Bumrah,Markram,short,A bit of turn again,Reverse sweep,Mid-on
1.5,4,Bumrah,Markram,yorker length,Another yorker on leg,slog and slog sweep,Deep
1.4,,Bumrah,Markram,Full length,A high full toss on middle,upper cut,Long off
7.4,,Bumrah,Amla,Good Length,Full and straight,Switch hit,Long on
7.3,1,Bumrah,Duminy,Back of a length,Full and wide outside off,Scoop/ramp,Straight
7.2,W,Bumrah,Markram,Friendly length,Full and very wide outside off,Helicopter shot,Straight hit
7.1,,Bumrah,Markram,short,Full and wide again,French cut,Wide
5.6,1,Bumrah,Amla,yorker length,A thick outside edge races down to the third man boundary. Full and wide,Hook shot,Square
5.5,,Bumrah,Amla,Full length,Full and straight,Pull shot,Fine
5.4,,Bumrah,Amla,Good Length,Superb yorker,Square cut,Square
5.3,,Bumrah,Amla,Back of a length,Another low full toss,Back defence,Thirdman
5.2,4,Bumrah,Amla, bouncer,A low full toss down leg,Off drive,Gully
5.1,1,Bumrah,Markram,Friendly length,A high full toss on middle,Straight drive,Cover
3.6,,Bumrah,Amla,Full length,Full and straight,On drive,point
3.5,,Bumrah,Amla,Good Length,Full and wide outside off,Sweep shot,Mid-off
3.4,3,Bumrah,Markram,Back of a length,Full and very wide outside off,Forward defence,Mid-on
3.3,,Bumrah,Markram,Friendly length,A high full toss on middle,Cut,Deep
3.2,,Bumrah,Markram,short,Full and straight,Reverse sweep,Long off
3.1,,Bumrah,Markram,yorker length,Full and wide outside off,slog and slog sweep,Long on
1.6,1lb,Bumrah,Markram,Full length,Full and very wide outside off,upper cut,Straight
1.5,4,Bumrah,Markram,Good Length,A high full toss on middle,Switch hit,Straight hit
1.4,,Bumrah,Markram,Back of a length,Full and straight,Scoop/ramp,Wide
7.4,,Bumrah,Amla,Friendly length,Full and wide outside off,Helicopter shot,Square
7.3,1,Bumrah,Duminy,short,Full and very wide outside off,French cut,Fine
7.2,W,Bumrah,Markram,yorker length,A high full toss on middle,Hook shot,Long on
7.1,,Bumrah,Markram,Full length,Full and straight,Pull shot,Straight
5.6,1,Bumrah,Amla,Good Length,Full and wide outside off,Square cut,Straight hit
5.5,,Bumrah,Amla,Back of a length,Full and very wide outside off,Back defence,Wide
5.4,,Bumrah,Amla, bouncer,A high full toss on middle,Off drive,Square
5.3,,Bumrah,Amla,Friendly length,Full and straight,Straight drive,Fine
5.2,4,Bumrah,Amla,Excellent line,Full and wide outside off,On drive,Square
5.1,1,Bumrah,Markram,Full length,Full and very wide outside off,Sweep shot,Thirdman
3.6,,Bumrah,Amla,Good Length,A high full toss on middle,Forward defence,Gully
3.5,,Bumrah,Amla,Back of a length,Full and straight,Cut,Cover
3.4,3,Bumrah,Markram,Friendly length,Full and wide outside off,Reverse sweep,point
3.3,,Bumrah,Markram,short,Full and very wide outside off,slog and slog sweep,Mid-off
3.2,,Bumrah,Markram,yorker length,A high full toss on middle,upper cut,Mid-on
3.1,,Bumrah,Markram,Full length,Full and straight,Switch hit,Deep
1.6,1lb,Bumrah,Markram,Good Length,Full and wide outside off,Scoop/ramp,Long off
1.5,4,Bumrah,Markram,Back of a length,Full and very wide outside off,Helicopter shot,Long on
1.4,,Bumrah,Markram,Friendly length, flight outside off,French cut,Straight
7.4,,Bumrah,Amla,short,Tossed up,Hook shot,Straight hit
7.3,1,Bumrah,Duminy,yorker length,Off Stump,Pull shot,Wide
7.2,W,Bumrah,Markram,Full length,OutsideOff,Square cut,Square
7.1,,Bumrah,Markram,Good Length,Tight line,Back defence,Fine
5.6,1,Bumrah,Amla,Back of a length, bit of turn ,Off drive,
5.5,,Bumrah,Amla, bouncer,Shorter length,Straight drive,
5.4,,Bumrah,Amla,Friendly length,Off Stump,On drive,
5.3,,Bumrah,Amla,Full length,gallop down the pitch,Sweep shot,
5.2,4,Bumrah,Amla,Good Length,Tight line,Forward defence,
5.1,1,Bumrah,Markram,Back of a length,Off Stump,Cut,
3.6,,Bumrah,Amla,Friendly length,Shorter length,Reverse sweep,
3.5,,Bumrah,Amla,short,Outside off,slog and slog sweep,
3.4,3,Bumrah,Markram,yorker length,Tossed up,upper cut,
3.3,,Bumrah,Markram,Full length,Turning outside off,Switch hit,Square
3.2,,Bumrah,Markram,Good Length,FullToss,Scoop/ramp,Thirdman
3.1,,Bumrah,Markram,Back of a length,Turning outside off,Helicopter shot,Gully
1.6,1lb,Bumrah,Markram,Friendly length,Tight line,French cut,Cover
1.5,4,Bumrah,Markram,short,Outside off,Hook shot,point
1.4,,Bumrah,Markram,yorker length,Off Stump,Pull shot,Mid-off
7.4,,Bumrah,Amla,Full length,Outside off,Square cut,Mid-on
7.3,1,Bumrah,Duminy,Good Length, a low full toss.,Back defence,Deep
7.2,W,Bumrah,Markram,Back of a length, goes beyond the wide line,Off drive,Long off
7.1,,Bumrah,Markram, bouncer,Off Stump,Straight drive,Long on
5.6,1,Bumrah,Amla,Friendly length,Off Stump,On drive,Straight
5.5,,Bumrah,Amla,Full length, flight outside off,Sweep shot,Straight hit
5.4,,Bumrah,Amla,Good Length,Tossed up,Forward defence,Wide
5.3,,Bumrah,Amla,Back of a length,Off Stump,Cut,Square
5.2,4,Bumrah,Amla,Friendly length,OutsideOff,Reverse sweep,Fine
5.1,1,Bumrah,Markram,short,Tight line,slog and slog sweep,Square
3.6,,Bumrah,Amla,yorker length, bit of turn ,upper cut,Thirdman
3.5,,Bumrah,Amla,Full length,Shorter length,Switch hit,Gully
3.4,3,Bumrah,Markram,Good Length,Off Stump,Scoop/ramp,Cover
3.3,,Bumrah,Markram,Back of a length,gallop down the pitch,Helicopter shot,point
3.2,,Bumrah,Markram,Friendly length,Tight line,French cut,Mid-off
3.1,,Bumrah,Markram,short,Off Stump,Hook shot,Square
1.6,1lb,Bumrah,Markram,yorker length,Shorter length,Pull shot,Thirdman
1.5,4,Bumrah,Markram,Full length,Outside off,Square cut,Gully
1.4,,Bumrah,Markram,Good Length,Tossed up,Back defence,Cover
7.4,,Bumrah,Amla,Back of a length,Turning outside off,Off drive,point
7.3,1,Bumrah,Duminy, bouncer,FullToss,Straight drive,Mid-off
7.2,W,Bumrah,Markram,Friendly length, darted full on middle stum,On drive,Mid-on
7.1,,Bumrah,Markram,Full length,Off Stump,Sweep shot,Deep
5.6,1,Bumrah,Amla,Good Length,down leg,Forward defence,Long off
5.5,,Bumrah,Amla,Back of a length,cover,Cut,Long on
5.4,,Bumrah,Amla,Friendly length,leg side,Reverse sweep,Straight
5.3,,Bumrah,Amla,short,short third man,slog and slog sweep,Straight hit
5.2,4,Bumrah,Amla,yorker length,cover,upper cut,Wide
5.1,1,Bumrah,Markram,Full length,midwicket,Switch hit,Square
3.6,,Bumrah,Amla,Good Length,down leg,Scoop/ramp,Fine
3.5,,Bumrah,Amla,Back of a length,square leg,Helicopter shot,Square
3.4,3,Bumrah,Markram,Friendly length,mid-off,French cut,Thirdman
3.3,,Bumrah,Markram,short,cover,Lofted Drive,Gully
3.2,,Bumrah,Markram,yorker length,good length outside off,Slog Sweeps,Cover
3.1,,Bumrah,Markram,Full length,Strays well down leg for a wide.,Hook shot,point
1.6,1lb,Bumrah,Markram,Good Length,Full delivery around off,Pull shot,Mid-off
1.5,4,Bumrah,Markram,Back of a length,On a length around off,Square cut,
1.4,,Bumrah,Markram, bouncer,Steps down,Back defence,Straight hit
7.4,,Bumrah,Amla,Friendly length,Full and wide outside off,Off drive,Wide
7.3,1,Bumrah,Duminy,Full length,Good length outside off,Straight drive,Square
7.2,W,Bumrah,Markram,Good Length,Short and wide outside off,On drive,Fine
7.1,,Bumrah,Markram,Back of a length, outside off,Sweep shot,Square
5.6,1,Bumrah,Amla,Friendly length,Shortish on off stump,Forward defence,Thirdman
5.5,,Bumrah,Amla,short,Tossed up,Cut,Gully
5.4,,Bumrah,Amla,yorker length,Off Stump,Reverse sweep,Cover
5.3,,Bumrah,Amla,Full length,OutsideOff,slog and slog sweep,point
5.2,4,Bumrah,Amla,Good Length,Tight line,upper cut,Mid-off
5.1,1,Bumrah,Markram,Back of a length, bit of turn ,Switch hit,
3.6,,Bumrah,Amla,Friendly length,Shorter length,Scoop/ramp,
3.5,,Bumrah,Amla,short,Off Stump,Helicopter shot,
3.4,3,Bumrah,Markram,yorker length,gallop down the pitch,French cut,
3.3,,Bumrah,Markram,Full length,Tight line,Hook shot,Square
3.2,,Bumrah,Markram,Good Length,Off Stump,Pull shot,Thirdman
3.1,,Bumrah,Markram,Back of a length,Shorter length,Square cut,Gully
1.6,1lb,Bumrah,Markram, bouncer,Outside off,Back defence,Cover
1.5,4,Bumrah,Markram,Friendly length,Tossed up,Off drive,point
1.4,,Bumrah,Markram,Full length,Turning outside off,Straight drive,Mid-off
31.6,,Bumrah,Faheem,Good Length,FullToss,On drive,Mid-on
33.1,4,Bumrah,Faheem,Back of a length,Turning outside off,Sweep shot,Deep
33.2,,Bumrah,Faheem,Friendly length,Tight line,Forward defence,Long off
33.3,1,Bumrah,Faheem,short,Outside off,Cut,Long on
33.4,,Bumrah,Amir,yorker length,Off Stump,Reverse sweep,Straight
33.5,4,Bumrah,Amir,Full length,Outside off,slog and slog sweep,Straight hit
33.6,,Bumrah,Amir,Good Length,Tight line,upper cut,Wide
41.1,W,Bumrah,Faheem,Back of a length,A bit of turn again,Switch hit,Square
41.2,1,Bumrah,Amir,Friendly length,Another yorker on leg,Scoop/ramp,Fine
41.3,,Bumrah,Hasan Ali,short,A high full toss on middle,Helicopter shot,Square
41.4,1,Bumrah,Hasan Ali,yorker length,Full and straight,French cut,Thirdman
41.5,,Bumrah,Amir,Full length,Full and wide outside off,Cut,Gully
41.6,,Bumrah,Amir,Good Length,Full and very wide outside off,Leg stump,Cover
43.1,W,Bumrah,Usman Shinwari,Back of a length,Full and wide again,Punched,point
1.1,,Bumrah,Amla, bouncer,A thick outside edge races down to the third man boundary. Full and wide,Hook shot,Mid-off
1.2,1,Bumrah,Amla,Friendly length,Full and straight,Pull shot,
1.3,,Bumrah,Markram,Good length ball,Superb yorker,Square cut,
1.4,,Bumrah,Markram,Good length ball,Another low full toss,Back defence,Square
1.5,,Bumrah,Markram,Full length,A low full toss down leg,Off drive,Thirdman
1.6,,Bumrah,Markram,Good Length,A high full toss on middle,Straight drive,Gully
3.1,,Bumrah,Markram,Back of a length,Full and straight,On drive,Cover
3.2,,Bumrah,Markram,Friendly length,Full and wide outside off,Sweep shot,point
3.3,,Bumrah,Markram,short,Full and very wide outside off,Forward defence,Mid-off
3.4,,Bumrah,Markram,yorker length,A high full toss on middle,Cut,Mid-on
3.5,,Bumrah,Markram,Full length,Full and straight,Reverse sweep,Deep
3.6,,Bumrah,Markram,Good Length,down leg,slog and slog sweep,Long off
5.1,,Bumrah,Amla,Back of a length,cover,upper cut,Long on
5.2,,Bumrah,Amla,Friendly length,leg side,Switch hit,Straight
5.3,,Bumrah,Amla,short,short third man,Scoop/ramp,Straight hit
47.2,W,Bumrah,Mehidy Hasan Miraz,yorker length,cover,Helicopter shot,Wide
47.3,,Bumrah,Mustafizur,Full length,midwicket,French cut,Square
47.4,,Bumrah,Mustafizur,Good Length,down leg,Hook shot,Fine
47.5,1,Bumrah,Mustafizur,Back of a length,square leg,Pull shot,Square
47.6,,Bumrah,Rubel, bouncer,mid-off,Square cut,Thirdman
49.1,W,Bumrah,Mustafizur,Friendly length,cover,Back defence,Gully
1.1,,Bumrah,Zaman,Full length,good length outside off,Off drive,Cover
1.2,,Bumrah,Zaman,Good Length,Strays well down leg for a wide.,Straight drive,point
1.3,,Bumrah,Zaman,Back of a length,Full delivery around off,On drive,Mid-off
1.4,,Bumrah,Zaman,Friendly length,On a length around off,Sweep shot,Square
1.5,,Bumrah,Zaman,short,Steps down,Forward defence,Thirdman
1.6,,Bumrah,Zaman,yorker length,Full and wide outside off,Cut,Gully
3.1,,Bumrah,Babar Azam,Full length,Good length outside off,Reverse sweep,Cover
3.2,,Bumrah,Babar Azam,Good Length,Short and wide outside off,slog and slog sweep,point
3.3,,Bumrah,Babar Azam,Back of a length, outside off,upper cut,Mid-off
3.4,,Bumrah,Babar Azam,Friendly length,Shortish on off stump,Switch hit,Mid-on
3.5,,Bumrah,Babar Azam,short,Tossed up,Scoop/ramp,Deep
3.6,,Bumrah,Babar Azam,yorker length,Off Stump,Helicopter shot,Long off
5.1,,Bumrah,Malik,Full length,OutsideOff,French cut,Long on
5.2,4,Bumrah,Malik,Good Length,Tight line,Slog Sweeps,Straight
5.3,3,Bumrah,Malik,Back of a length, bit of turn ,Hook shot,Straight hit
5.4,,Bumrah,Babar Azam, bouncer,Shorter length,Pull shot,Wide
5.5,1,Bumrah,Babar Azam,Friendly length,Off Stump,Square cut,Square
5.6,,Bumrah,Malik,Full length,gallop down the pitch,Back defence,Fine
7.1,,Bumrah,Malik,Good Length,Tight line,Off drive,Square
7.2,,Bumrah,Malik,Back of a length,Off Stump,Straight drive,Thirdman
7.3,1,Bumrah,Malik,Friendly length,Shorter length,On drive,Gully
7.4,1,Bumrah,Babar Azam,short,Outside off,Sweep shot,Cover
7.5,,Bumrah,Malik,yorker length,Tossed up,Forward defence,point
7.6,,Bumrah,Malik,Full length,Turning outside off,Cut,Mid-off
31.1,,Bumrah,Faheem,Good Length,FullToss,Reverse sweep,
31.2,,Bumrah,Faheem,Back of a length,Turning outside off,slog and slog sweep,
31.3,1,Bumrah,Faheem,Friendly length,Tight line,upper cut,
31.4,,Bumrah,Shadab,short,Outside off,Switch hit,Square
31.5,1,Bumrah,Shadab,yorker length,Off Stump,Scoop/ramp,Thirdman
31.6,,Bumrah,Shadab,Full length,Outside off,Helicopter shot,Gully
3.4,4,Bumrah,Litton Das,Good Length,Tight line,French cut,Cover
3.5,,Bumrah,Litton Das,Back of a length,A bit of turn again,Hook shot,point
3.6,,Bumrah,Litton Das, bouncer,Another yorker on leg,Pull shot,Mid-off
5.1,W,Bumrah,Shanto,Friendly length,A high full toss on middle,Square cut,Mid-on
5.2,,Bumrah,Mushfiqur,Full length,Full and straight,Back defence,Deep
5.3,1,Bumrah,Mushfiqur,Good Length,Full and wide outside off,Off drive,Long off
5.4,,Bumrah,Shakib,Back of a length,Full and very wide outside off,Straight drive,Long on
5.5,,Bumrah,Shakib,Friendly length,Full and wide again,On drive,Straight
5.6,4,Bumrah,Shakib,short,A thick outside edge races down to the third man boundary. Full and wide,Sweep shot,Straight hit
7.1,1,Bumrah,Shakib,yorker length,Full and straight,Forward defence,Wide
7.2,,Bumrah,Mushfiqur,Full length,Superb yorker,Cut,Square
7.3,,Bumrah,Mushfiqur,Good Length,Another low full toss,Reverse sweep,Fine
7.4,4,Bumrah,Mushfiqur,yorker length,A low full toss down leg,slog and slog sweep,Square
7.5,,Bumrah,Mushfiqur,Full length,Full and very wide outside off,Helicopter shot,point
7.6,,Bumrah,Mushfiqur,Good Length,A high full toss on middle,French cut,Mid-off
27.1,,Bumrah,Mosaddek,Back of a length,Full and straight,Smash,down leg
27.2,1,Bumrah,Mosaddek, bouncer,Off Stump,Hook shot,cover
27.3,,Bumrah,Mahmudullah,Friendly length,Missed Stumping! A massive gallop down the pitch,Pull shot,leg side
27.4,,Bumrah,Mahmudullah,Full length,Tight line,Square cut,short third man
27.5,,Bumrah,Mahmudullah,Good Length,A bit of turn ,Back defence,cover
27.6,,Bumrah,Mahmudullah,Back of a length,Shorter length,Off drive,midwicket
29.1,,Bumrah,Mosaddek,Friendly length,Outside off,Straight drive,down leg
29.2,1,Bumrah,Mosaddek,short,Tossed up,On drive,square leg
29.3,,Bumrah,Mahmudullah,yorker length,Turning outside off,Sweep shot,mid-off
29.4,,Bumrah,Mahmudullah,Full length,FullToss,Forward defence,cover
29.5,2,Bumrah,Mahmudullah,Good Length,FullToss,Cut,Mid-off
29.6,,Bumrah,Mahmudullah,Back of a length,Banged in short again,Reverse sweep,Mid-on
35.1,4,Bumrah,Mehidy Hasan Miraz,Friendly length, beats the inside edge,slog and slog sweep,Deep
35.2,,Bumrah,Mehidy Hasan Miraz,short,Off Stump,upper cut,Long off
35.3,1,Bumrah,Mehidy Hasan Miraz,yorker length,FullToss,Switch hit,Long on
35.4,1,Bumrah,Mortaza,Full length,Tight line,Scoop/ramp,Straight
35.5,,Bumrah,Mortaza,Good Length,A bit of turn again and they settle for another single,Helicopter shot,Straight hit
35.6,4,Bumrah,Mehidy Hasan Miraz,Back of a length,Shorter length,French cut,Wide
45.1,,Bumrah,Mortaza, bouncer,Outside off,Hook shot,Square
45.2,1,Bumrah,Mortaza,Friendly length, outside off,Pull shot,Fine
45.3,1,Bumrah,Mehidy Hasan Miraz,Full length,Shortish on off stump,Square cut,Square
45.4,,Bumrah,Mortaza,Good Length,Tossed up,Back defence,Thirdman
45.5,,Bumrah,Mortaza,Back of a length,Off Stump,Off drive,Gully
45.6,1,Bumrah,Mortaza,Friendly length,OutsideOff,Straight drive,Cover
3.4,4,Bumrah,Litton Das,short,Tight line,On drive,point
3.5,,Bumrah,Litton Das,yorker length, bit of turn ,Sweep shot,Mid-off
3.6,,Bumrah,Litton Das,Full length,Shorter length,Forward defence,Square
5.1,W,Bumrah,Shanto,Good Length,Off Stump,Cut,Thirdman
5.2,,Bumrah,Mushfiqur,Back of a length,gallop down the pitch,Reverse sweep,Gully
5.3,1,Bumrah,Mushfiqur,Friendly length,Tight line,slog and slog sweep,Cover
5.4,,Bumrah,Shakib,short,Off Stump,upper cut,point
5.5,,Bumrah,Shakib,yorker length,Shorter length,Switch hit,Mid-off
5.6,4,Bumrah,Shakib,Full length,Outside off,Scoop/ramp,Mid-on
7.1,1,Bumrah,Shakib,Good Length,Tossed up,Helicopter shot,Deep
7.2,,Bumrah,Mushfiqur,Back of a length,Turning outside off,French cut,Long off
7.3,,Bumrah,Mushfiqur, bouncer,FullToss,Hook shot,Long on
7.4,4,Bumrah,Mushfiqur,Friendly length,Turning outside off,Pull shot,Straight
7.5,,Bumrah,Mushfiqur,Full length,Tight line,Square cut,Straight hit
7.6,,Bumrah,Mushfiqur,Good Length,Outside off,Back defence,Wide
27.1,,Bumrah,Mosaddek,Back of a length,Off Stump,Off drive,Square
27.2,1,Bumrah,Mosaddek,Friendly length,Outside off,Straight drive,Fine
27.3,,Bumrah,Mahmudullah,short,Tight line,On drive,Square
27.4,,Bumrah,Mahmudullah,yorker length,A bit of turn again,Sweep shot,Thirdman
27.5,,Bumrah,Mahmudullah,Full length,Another yorker on leg,Forward defence,Gully
27.6,,Bumrah,Mahmudullah,Good Length,A high full toss on middle,Cut,Cover
29.1,,Bumrah,Mosaddek,Back of a length,Full and straight,Reverse sweep,point
29.2,1,Bumrah,Mosaddek,Friendly length,Full and wide outside off,slog and slog sweep,Mid-off
29.3,,Bumrah,Mahmudullah,short,Full and very wide outside off,upper cut,Square
29.4,,Bumrah,Mahmudullah,yorker length,Full and wide again,Switch hit,Thirdman
29.5,2,Bumrah,Mahmudullah,Full length,Full and wide,Scoop/ramp,Gully
29.6,,Bumrah,Mahmudullah,Good Length,Full and straight,Helicopter shot,Cover
35.1,4,Bumrah,Mehidy Hasan Miraz,Back of a length,Superb yorker,French cut,point
35.2,,Bumrah,Mehidy Hasan Miraz, bouncer,Another low full toss,,Mid-off
35.3,1,Bumrah,Mehidy Hasan Miraz,Friendly length,A low full toss down leg,,Mid-on
35.4,1,Bumrah,Mortaza,Full length,A high full toss on middle,,Deep
35.5,,Bumrah,Mortaza,Good Length,Full and straight,Hook shot,Long off
35.6,4,Bumrah,Mehidy Hasan Miraz,yorker length,Full and wide outside off,Pull shot,Long on
45.1,,Bumrah,Mortaza,Full length,down leg,Straight drive,Square
45.2,1,Bumrah,Mortaza,Good Length,cover,On drive,Fine
45.3,1,Bumrah,Mehidy Hasan Miraz,Back of a length,leg side,Sweep shot,Square
45.4,,Bumrah,Mortaza,Friendly length,short third man,Forward defence,Thirdman
45.5,,Bumrah,Mortaza,short,cover,Cut,Gully
45.6,1,Bumrah,Mortaza,yorker length,midwicket,Reverse sweep,Cover
3.4,4,Bumrah,Litton Das,Full length,down leg,slog and slog sweep,point
3.5,,Bumrah,Litton Das,Good Length,square leg,upper cut,Mid-off
3.6,,Bumrah,Litton Das,Back of a length,mid-off,Switch hit,
5.1,W,Bumrah,Shanto, bouncer,cover,Scoop/ramp,
5.2,,Bumrah,Mushfiqur,Friendly length,good length outside off,Helicopter shot,Square
5.3,1,Bumrah,Mushfiqur,Full length,Strays well down leg for a wide.,French cut,Thirdman
5.4,,Bumrah,Shakib,Good Length,Full delivery around off,Hook shot,Gully
5.5,,Bumrah,Shakib,Back of a length,On a length around off,Pull shot,Cover
5.6,4,Bumrah,Shakib,Friendly length,Steps down,Square cut,point
7.1,1,Bumrah,Shakib,short,Full and wide outside off,Back defence,Mid-off
7.2,,Bumrah,Mushfiqur,yorker length,Good length outside off,Off drive,Mid-on
7.3,,Bumrah,Mushfiqur,Full length,Short and wide outside off,Straight drive,Deep
7.4,4,Bumrah,Mushfiqur,Good Length, outside off,On drive,Long off
7.5,,Bumrah,Mushfiqur,Back of a length,Shortish on off stump,Sweep shot,Long on
7.6,,Bumrah,Mushfiqur,Friendly length,Tossed up,Forward defence,Straight
27.1,,Bumrah,Mosaddek,short,Off Stump,Cut,Straight hit
27.2,1,Bumrah,Mosaddek,yorker length,OutsideOff,Reverse sweep,Wide
27.3,,Bumrah,Mahmudullah,Full length,Tight line,slog and slog sweep,Square
27.4,,Bumrah,Mahmudullah,Good Length, bit of turn ,upper cut,Fine
27.5,,Bumrah,Mahmudullah,Back of a length,Shorter length,Switch hit,Square
27.6,,Bumrah,Mahmudullah, bouncer,Off Stump,Scoop/ramp,Thirdman
29.1,,Bumrah,Mosaddek,Friendly length,gallop down the pitch,Helicopter shot,Gully
29.2,1,Bumrah,Mosaddek,Full length,Tight line,French cut,Cover
29.3,,Bumrah,Mahmudullah,Good Length,Off Stump,,point
29.4,,Bumrah,Mahmudullah,Back of a length,Shorter length,,Mid-off
29.5,2,Bumrah,Mahmudullah,Friendly length,Outside off,Hook shot,
29.6,,Bumrah,Mahmudullah,short,Off Stump,Pull shot,Square
35.1,4,Bumrah,Mehidy Hasan Miraz,yorker length,Leg Stump,Square cut,Thirdman
35.2,,Bumrah,Mehidy Hasan Miraz,Full length,Middle,Back defence,Gully
35.3,1,Bumrah,Mehidy Hasan Miraz,Good Length,outside leg stump,Off drive,Cover
35.4,1,Bumrah,Mortaza,Back of a length,Outside off Stump,Straight drive,point
35.5,,Bumrah,Mortaza,Friendly length,Outside off,On drive,Mid-off
35.6,4,Bumrah,Mehidy Hasan Miraz,short,Off Stump,Sweep shot,Mid-on
45.1,,Bumrah,Mortaza,yorker length,Outside off,Forward defence,Deep
45.2,1,Bumrah,Mortaza,Full length,Off Stump,Cut,Long off
45.3,1,Bumrah,Mehidy Hasan Miraz,Good Length,Leg Stump,Reverse sweep,Long on
45.4,,Bumrah,Mortaza,Back of a length,Middle,slog and slog sweep,Straight
45.5,,Bumrah,Mortaza, bouncer,outside leg stump,upper cut,Straight hit
45.6,1,Bumrah,Mortaza,Friendly length,Outside off Stump,Switch hit,Wide
3.4,4,Bumrah,Litton Das,Full length,Off Stump,Scoop/ramp,Square
3.5,,Bumrah,Litton Das,Good Length,Leg Stump,Helicopter shot,Fine
3.6,,Bumrah,Litton Das,Back of a length,Middle,French cut,Square
5.1,W,Bumrah,Shanto,Friendly length,outside leg stump,Driven,Thirdman
5.2,,Bumrah,Mushfiqur,short,Outside off Stump,Hook shot,Gully
5.3,1,Bumrah,Mushfiqur,yorker length,Off Stump,Pull shot,Cover
5.4,,Bumrah,Shakib,Full length,Leg Stump,Square cut,point
5.5,,Bumrah,Shakib,Good Length,Middle,Back defence,Mid-off
5.6,4,Bumrah,Shakib,Back of a length,outside leg stump,Off drive,Square
7.1,1,Bumrah,Shakib,Friendly length,Outside off Stump,Straight drive,Thirdman
7.2,,Bumrah,Mushfiqur,short,Off Stump,On drive,Gully
7.3,,Bumrah,Mushfiqur,yorker length,Leg Stump,Sweep shot,Cover
7.4,4,Bumrah,Mushfiqur,Full length,Middle,Forward defence,point
7.5,,Bumrah,Mushfiqur,Good Length,outside leg stump,Cut,Mid-off
7.6,,Bumrah,Mushfiqur,Back of a length,Outside off Stump,Reverse sweep,Mid-on
27.1,,Bumrah,Mosaddek, bouncer,Off Stump,slog and slog sweep,Deep
27.2,1,Bumrah,Mosaddek,Friendly length,Leg Stump,upper cut,Long off
27.3,,Bumrah,Mahmudullah,Full length,Middle,Switch hit,Long on
27.4,,Bumrah,Mahmudullah,Good Length,outside leg stump,Scoop/ramp,Straight
27.5,,Bumrah,Mahmudullah,Back of a length,Outside off Stump,Helicopter shot,Straight hit
27.6,,Bumrah,Mahmudullah,Friendly length,Off Stump,French cut,Wide
29.1,,Bumrah,Mosaddek,short,Leg Stump,Hook shot,Square
29.2,1,Bumrah,Mosaddek,yorker length,Middle,Pull shot,Fine
29.3,,Bumrah,Mahmudullah,Full length,outside leg stump,Square cut,Square
29.4,,Bumrah,Mahmudullah,Good Length,Outside off Stump,Back defence,Thirdman
29.5,2,Bumrah,Mahmudullah,Back of a length,Off Stump,Off drive,Gully
29.6,,Bumrah,Mahmudullah,Friendly length,Leg Stump,Straight drive,Cover
35.1,4,Bumrah,Mehidy Hasan Miraz,short,Middle,On drive,point
35.2,,Bumrah,Mehidy Hasan Miraz,yorker length,outside leg stump,Sweep shot,Mid-off
35.3,1,Bumrah,Mehidy Hasan Miraz,Full length,Outside off Stump,Forward defence,
35.4,1,Bumrah,Mortaza,Good Length,Off Stump,Cut,
35.5,,Bumrah,Mortaza,Back of a length,Leg Stump,Reverse sweep,Square
35.6,4,Bumrah,Mehidy Hasan Miraz, bouncer,Middle,slog and slog sweep,Thirdman
45.1,,Bumrah,Mortaza,Friendly length,outside leg stump,upper cut,Gully
45.2,1,Bumrah,Mortaza,Full length,Outside off Stump,Switch hit,Cover
45.3,1,Bumrah,Mehidy Hasan Miraz,Good Length,Off Stump,Scoop/ramp,point
45.4,,Bumrah,Mortaza,Back of a length,Leg Stump,Helicopter shot,Mid-off
45.5,,Bumrah,Mortaza,Friendly length,Middle,French cut,Mid-on
45.6,1,Bumrah,Mortaza,short,outside leg stump,Hook shot,Deep
3.4,4,Bumrah,Litton Das,yorker length,Outside off Stump,Pull shot,Long off
3.5,,Bumrah,Litton Das,Full length,Tossed up,Square cut,Long on
3.6,,Bumrah,Litton Das,Good Length,Off Stump,Back defence,Straight
5.1,W,Bumrah,Shanto,Back of a length,OutsideOff,Off drive,Straight hit
5.2,,Bumrah,Mushfiqur,Friendly length,Off Stump,Straight drive,Wide
5.3,1,Bumrah,Mushfiqur,short,Leg Stump,On drive,Square
5.4,,Bumrah,Shakib,yorker length,Middle,Sweep shot,Fine
5.5,,Bumrah,Shakib,Full length,outside leg stump,Forward defence,Square
5.6,4,Bumrah,Shakib,Good Length,Outside off Stump,Cut,Thirdman
7.1,1,Bumrah,Shakib,Back of a length,Off Stump,Reverse sweep,Gully
7.2,,Bumrah,Mushfiqur, bouncer,Leg Stump,slog and slog sweep,Cover
7.3,,Bumrah,Mushfiqur,Friendly length,Middle,upper cut,point
7.4,4,Bumrah,Mushfiqur,Full length,outside leg stump,Switch hit,Mid-off
7.5,,Bumrah,Mushfiqur,Good Length,Outside off Stump,Scoop/ramp,
7.6,,Bumrah,Mushfiqur,Back of a length,Off Stump,Helicopter shot,Square
27.1,,Bumrah,Mosaddek,Friendly length,Leg Stump,French cut,Thirdman
27.2,1,Bumrah,Mosaddek,short,Middle,Hook shot,Gully
27.3,,Bumrah,Mahmudullah,yorker length,outside leg stump,Pull shot,Cover
27.4,,Bumrah,Mahmudullah,Full length,Outside off Stump,Square cut,point
27.5,,Bumrah,Mahmudullah,Good Length,Off Stump,Back defence,Mid-off
27.6,,Bumrah,Mahmudullah,Back of a length,Leg Stump,Off drive,Mid-on
29.1,,Bumrah,Mosaddek,Friendly length,Middle,Straight drive,Deep
29.2,1,Bumrah,Mosaddek,short,outside leg stump,On drive,Long off
29.3,,Bumrah,Mahmudullah,yorker length,Outside off Stump,Sweep shot,Long on
29.4,,Bumrah,Mahmudullah,Full length,Off Stump,Forward defence,Straight
29.5,2,Bumrah,Mahmudullah,Good Length,Leg Stump,Cut,Straight hit
29.6,,Bumrah,Mahmudullah,Back of a length,Middle,Reverse sweep,Wide
35.1,4,Bumrah,Mehidy Hasan Miraz, bouncer,outside leg stump,slog and slog sweep,Square
35.2,,Bumrah,Mehidy Hasan Miraz,Friendly length,Outside off Stump,upper cut,Fine
35.3,1,Bumrah,Mehidy Hasan Miraz,Full length,Off Stump,Switch hit,Square
35.4,1,Bumrah,Mortaza,Good Length,Leg Stump,Scoop/ramp,Thirdman
35.5,,Bumrah,Mortaza,Back of a length,Middle,Helicopter shot,Gully
35.6,4,Bumrah,Mehidy Hasan Miraz,Friendly length,outside leg stump,French cut,Cover
45.1,,Bumrah,Mortaza,short,Outside off Stump,Hook shot,point
45.2,1,Bumrah,Mortaza,yorker length,Off Stump,Pull shot,Mid-off
45.3,1,Bumrah,Mehidy Hasan Miraz,Full length,Leg Stump,Square cut,
45.4,,Bumrah,Mortaza,Good Length,Middle,Back defence,Square
45.5,,Bumrah,Mortaza,Back of a length,outside leg stump,Off drive,Thirdman
45.6,1,Bumrah,Mortaza,Friendly length,Outside off Stump,Straight drive,Gully
3.1,,Bumrah,Markram,short,Off Stump,On drive,Cover
1.6,1lb,Bumrah,Markram,yorker length,Leg Stump,Sweep shot,point
1.5,4,Bumrah,Markram,Full length,Middle,Forward defence,Mid-off
1.4,,Bumrah,Markram,Good Length,outside leg stump,Cut,Mid-on
7.4,,Bumrah,Amla,Back of a length,Outside off Stump,Reverse sweep,Deep
7.3,1,Bumrah,Duminy, bouncer,Tight line,slog and slog sweep,Long off
7.2,W,Bumrah,Markram,Friendly length,Off Stump,upper cut,Long on
7.1,,Bumrah,Markram,Low full toss,Leg Stump,Switch hit,Straight
5.6,1,Bumrah,Amla,Full,Middle,Scoop/ramp,Straight hit
5.5,,Bumrah,Amla,Length,outside leg stump,Helicopter shot,Wide
5.4,,Bumrah,Amla,Fullish,Outside off Stump,French cut,Square
5.3,,Bumrah,Amla,Full,wide outside off,Hook shot,Fine
5.2,4,Bumrah,Amla,Full length,middle stump,Pull shot,Square
5.1,1,Bumrah,Markram,Good Length,outside off,Square cut,Thirdman
3.6,,Bumrah,Amla,Back of a length,Off Stump,Back defence,Gully
3.5,,Bumrah,Amla,Friendly length,Leg Stump,Off drive,Cover
3.4,3,Bumrah,Markram,short,Middle,Straight drive,point
3.3,,Bumrah,Markram,yorker length,outside leg stump,On drive,Mid-off
3.2,,Bumrah,Markram,Full length,Outside off Stump,Sweep shot,
3.1,,Bumrah,Markram,Good Length,Off Stump,Forward defence,Square
1.6,1lb,Bumrah,Markram,Back of a length,Leg Stump,Cut,Thirdman
1.5,4,Bumrah,Markram,Friendly length,Middle,Reverse sweep,Gully
1.4,,Bumrah,Markram,short,outside leg stump,slog and slog sweep,Cover
7.4,,Bumrah,Amla,yorker length,Outside off Stump,upper cut,point
7.3,1,Bumrah,Duminy,Full length,Off Stump,Switch hit,Mid-off
7.2,W,Bumrah,Markram,Good Length,Leg Stump,Scoop/ramp,Mid-on
7.1,,Bumrah,Markram,Back of a length,Middle,Helicopter shot,Deep
5.6,1,Bumrah,Amla, bouncer,outside leg stump,French cut,Long off
5.5,,Bumrah,Amla,Friendly length,Outside off Stump,Hook shot,Long on
5.4,,Bumrah,Amla,Slower delivery,Off Stump,Pull shot,Straight
5.3,,Bumrah,Amla,Full length,Leg Stump,Square cut,Straight hit
5.2,4,Bumrah,Amla,Good Length,Middle,Back defence,Wide
5.1,1,Bumrah,Markram,Back of a length,outside leg stump,Off drive,Square
3.6,,Bumrah,Amla,Friendly length,Outside off Stump,Straight drive,Fine
3.5,,Bumrah,Amla,short,Off Stump,On drive,Square
3.4,3,Bumrah,Markram,yorker length,Leg Stump,Sweep shot,Thirdman
3.3,,Bumrah,Markram,Full length,Middle,Forward defence,Gully
3.2,,Bumrah,Markram,Good Length,outside leg stump,Cut,Cover
3.1,,Bumrah,Markram,Back of a length,Outside off Stump,Reverse sweep,point
1.6,1lb,Bumrah,Markram,Friendly length,Off Stump,slog and slog sweep,Mid-off
1.5,4,Bumrah,Markram,short,Leg Stump,upper cut,
1.4,,Bumrah,Markram,yorker length,Middle,Switch hit,
7.4,,Bumrah,Amla,Full length,outside leg stump,Scoop/ramp,Square
7.3,1,Bumrah,Duminy,Good Length,Outside off Stump,Helicopter shot,Thirdman
7.2,W,Bumrah,Markram,Back of a length,Off Stump,French cut,Gully
7.1,,Bumrah,Markram, bouncer,Leg Stump,Hook shot,Cover
5.6,1,Bumrah,Amla,Friendly length,Middle,Pull shot,point
5.5,,Bumrah,Amla,Low full toss,outside leg stump,Square cut,Mid-off
5.4,,Bumrah,Amla,Low full toss,Outside off Stump,Back defence,Mid-on
5.3,,Bumrah,Amla,Full,Off Stump,Off drive,Deep
5.2,4,Bumrah,Amla,Length,Leg Stump,Straight drive,Long off
5.1,1,Bumrah,Markram,Fullish,Middle,On drive,Long on
3.6,,Bumrah,Amla,Full,outside leg stump,Sweep shot,Straight
3.5,,Bumrah,Amla,Full length,Outside off Stump,Forward defence,Straight hit
3.4,3,Bumrah,Markram,Good Length,Off Stump,Cut,Wide
3.3,,Bumrah,Markram,Back of a length,Leg Stump,Reverse sweep,Square
3.2,,Bumrah,Markram,Friendly length,Middle,slog and slog sweep,Fine
3.1,,Bumrah,Markram,short,outside leg stump,upper cut,Square
1.6,1lb,Bumrah,Markram,yorker length,Outside off Stump,Switch hit,Thirdman
1.5,4,Bumrah,Markram,Full length,Off Stump,Scoop/ramp,Gully
1.4,,Bumrah,Markram,Good Length,Leg Stump,Helicopter shot,Cover
7.4,,Bumrah,Amla,Back of a length,Middle,French cut,point
7.3,1,Bumrah,Duminy,Friendly length,outside leg stump,Hook shot,Mid-off
7.2,W,Bumrah,Markram,short,Outside off Stump,Pull shot,-
7.1,,Bumrah,Markram,yorker length,Off Stump,Square cut,-
5.6,1,Bumrah,Amla,Full length,Leg Stump,Back defence,-
5.5,,Bumrah,Amla,Good Length,Middle,Off drive,-
5.4,,Bumrah,Amla,Back of a length,outside leg stump,Straight drive,-
5.3,,Bumrah,Amla, bouncer,Outside off Stump,On drive,-
5.2,4,Bumrah,Amla,Friendly length,Off Stump,Sweep shot,Sweeper cover
5.1,1,Bumrah,Markram,Slower delivery,Leg Stump,Forward defence,Sweeper cover
3.6,,Bumrah,Amla,Full length,Middle,Cut,
3.5,,Bumrah,Amla,Good Length,outside leg stump,Reverse sweep,Sweeper cover
3.4,3,Bumrah,Markram,Back of a length,Outside off Stump,slog and slog sweep,Cow corner region
3.3,,Bumrah,Markram,Friendly length,Off Stump,upper cut,-
3.2,,Bumrah,Markram,short,Leg Stump,Switch hit,Sweeper cover
3.1,,Bumrah,Markram,yorker length,Middle,Scoop/ramp,-
1.6,1lb,Bumrah,Markram,Full length,outside leg stump,Helicopter shot,-
1.5,4,Bumrah,Markram,Good Length,Outside off Stump,French cut,-
1.4,,Bumrah,Markram,Back of a length,Off Stump,Hook shot,-
7.4,,Bumrah,Amla,Friendly length,Leg Stump,Pull shot,-
7.3,1,Bumrah,Duminy,short,Middle,Square cut,-
7.2,W,Bumrah,Markram,yorker length,outside leg stump,Back defence,Long-off
7.1,,Bumrah,Markram,Full length,Outside off Stump,Off drive,Legside
5.6,1,Bumrah,Amla,Good Length,Off Stump,Straight drive,-
5.5,,Bumrah,Amla,Back of a length,Leg Stump,On drive,-
5.4,,Bumrah,Amla, bouncer,Middle,Sweep shot,-
5.3,,Bumrah,Amla,Friendly length,outside leg stump,Forward defence,Short third
5.2,4,Bumrah,Amla,Full length,Outside off Stump,Cut,Mid-off and mid-on
5.1,1,Bumrah,Markram,Good Length,Off Stump,Reverse sweep,-
3.6,,Bumrah,Amla,Back of a length,Leg Stump,slog and slog sweep,-
3.5,,Bumrah,Amla,Friendly length,Middle,upper cut,Onside
3.4,3,Bumrah,Markram,short,outside leg stump,Switch hit,-
3.3,,Bumrah,Markram,yorker length,Outside off Stump,Scoop/ramp,-
3.2,,Bumrah,Markram,Full length,Off Stump,Helicopter shot,-
3.1,,Bumrah,Markram,Good Length,Leg Stump,French cut,Third man
1.6,1lb,Bumrah,Markram,Back of a length,Middle,Hook shot,-
1.5,4,Bumrah,Markram,Friendly length,outside leg stump,Pull shot,-
1.4,,Bumrah,Markram,short,Outside off Stump,Square cut,Long-on
7.4,,Bumrah,Amla,yorker length,Off Stump,Back defence,Cow corner region
7.3,1,Bumrah,Duminy,Full length,Leg Stump,Off drive,-
7.2,W,Bumrah,Markram,Good Length,Middle,Straight drive,Sweeper cover
7.1,,Bumrah,Markram,Back of a length,outside leg stump,On drive,-
5.6,1,Bumrah,Amla, bouncer,Outside off Stump,Sweep shot,-
5.5,,Bumrah,Amla,Friendly length,Off Stump,Forward defence,-
5.4,,Bumrah,Amla,Full length,Leg Stump,Cut,-
5.3,,Bumrah,Amla,Good Length,Middle,Reverse sweep,-
5.2,4,Bumrah,Amla,Back of a length,outside leg stump,slog and slog sweep,-
5.1,1,Bumrah,Markram,Friendly length,Outside off Stump,upper cut,Long-off
3.6,,Bumrah,Amla,short,Off Stump,Switch hit,Legside
3.5,,Bumrah,Amla,yorker length,Leg Stump,Scoop/ramp,-
3.4,3,Bumrah,Markram,Full length,Middle,Helicopter shot,-
3.3,,Bumrah,Markram,Good Length,outside leg stump,French cut,-
3.2,,Bumrah,Markram,Back of a length,Outside off Stump,Hook shot,Short third
3.1,,Bumrah,Markram,Friendly length,Off Stump,Pull shot,Mid-off and mid-on
1.6,1lb,Bumrah,Markram,short,Leg Stump,Square cut,-
1.5,4,Bumrah,Markram,yorker length,Middle,Back defence,-
1.4,,Bumrah,Markram,Full length,outside leg stump,Off drive,Onside
7.4,,Bumrah,Amla,Good Length,Outside off Stump,Straight drive,-
7.3,1,Bumrah,Duminy,Back of a length,Off Stump,On drive,-
7.2,W,Bumrah,Markram, bouncer,Leg Stump,Sweep shot,-
7.1,,Bumrah,Markram,Friendly length,Middle,Forward defence,Third man
5.6,1,Bumrah,Amla,Full length,outside leg stump,Cut,-
5.5,,Bumrah,Amla,Good Length,Outside off Stump,Reverse sweep,-
5.4,,Bumrah,Amla,Back of a length,Off Stump,slog and slog sweep,Long-on
5.3,,Bumrah,Amla,Friendly length,Leg Stump,upper cut,Single
5.2,4,Bumrah,Amla,short,Middle,Switch hit,Covers
5.1,1,Bumrah,Markram,yorker length,outside leg stump,Scoop/ramp,Midwicket
3.6,,Bumrah,Amla,Full length,Outside off Stump,Helicopter shot,-
3.5,,Bumrah,Amla,Good Length,Off Stump,French cut,-
3.4,3,Bumrah,Markram,Back of a length,Leg Stump,Hook shot,Cover
3.3,,Bumrah,Markram,Friendly length,Middle,Pull shot,Long On
3.2,,Bumrah,Markram,short,outside leg stump,Square cut,-
3.1,,Bumrah,Markram,yorker length,Outside off Stump,Back defence,Off Side
1.6,1lb,Bumrah,Markram,Full length,Off Stump,Off drive,Long Off
1.5,4,Bumrah,Markram,Good Length,Leg Stump,Straight drive,
1.4,,Bumrah,Markram,Back of a length,Middle,On drive,Square
7.4,,Bumrah,Amla, bouncer,outside leg stump,Sweep shot,Thirdman
7.3,1,Bumrah,Duminy,Friendly length,Outside off Stump,Forward defence,Gully
7.2,W,Bumrah,Markram,Full length,Off Stump,Cut,Cover
7.1,,Bumrah,Markram,Good Length,Leg Stump,Reverse sweep,point
5.6,1,Bumrah,Amla,Back of a length,Middle,slog and slog sweep,Mid-off
5.5,,Bumrah,Amla,Friendly length,outside leg stump,upper cut,Mid-on
5.4,,Bumrah,Amla,short,Outside off Stump,Switch hit,Deep
5.3,,Bumrah,Amla,yorker length,Off Stump,Scoop/ramp,Long off
5.2,4,Bumrah,Amla,Full length,Leg Stump,Helicopter shot,Long on
5.1,1,Bumrah,Markram,Good Length,Middle,French cut,Straight
3.6,,Bumrah,Amla,Back of a length,outside leg stump,Hook shot,Straight hit
3.5,,Bumrah,Amla,Friendly length,Outside off Stump,Pull shot,Wide
3.4,3,Bumrah,Markram,short,Off Stump,Square cut,Square
3.3,,Bumrah,Markram,yorker length,Leg Stump,Back defence,Fine
3.2,,Bumrah,Markram,Full length,Middle,Off drive,Square
3.1,,Bumrah,Markram,Good Length,outside leg stump,Straight drive,Thirdman
1.6,1lb,Bumrah,Markram,Back of a length,Outside off Stump,On drive,Gully
1.5,4,Bumrah,Markram, bouncer,Off Stump,Sweep shot,Cover
1.4,,Bumrah,Markram,Friendly length,Leg Stump,Forward defence,point
31.6,,Bumrah,Faheem,Full length,Middle,Cut,Mid-off
33.1,4,Bumrah,Faheem,Good Length,outside leg stump,Reverse sweep,
33.2,,Bumrah,Faheem,Back of a length,Outside off Stump,slog and slog sweep,
33.3,1,Bumrah,Faheem,Friendly length,Tight line,upper cut,Long Off
33.4,,Bumrah,Amir,short,Off Stump,Switch hit,Cover
33.5,4,Bumrah,Amir,yorker length,Leg Stump,Scoop/ramp,Off Side
33.6,,Bumrah,Amir,Full length,Middle,Helicopter shot,Point
41.1,W,Bumrah,Faheem,Good Length,outside leg stump,French cut,Long Off
41.2,1,Bumrah,Amir,Back of a length,Outside off Stump,Hook shot,Short Third Man
41.3,,Bumrah,Hasan Ali,Friendly length,Off Stump,Pull shot,Backward Point
41.4,1,Bumrah,Hasan Ali,short,Leg Stump,Square cut,
41.5,,Bumrah,Amir,yorker length,Middle,Back defence,Long Off
41.6,,Bumrah,Amir,Full length,outside leg stump,Off drive,
43.1,W,Bumrah,Usman Shinwari,Good Length,Outside off Stump,Straight drive,
1.1,,Bumrah,Amla,Back of a length,Off Stump,On drive,
1.2,1,Bumrah,Amla, bouncer,Leg Stump,Sweep shot,Fine Leg
1.3,,Bumrah,Markram,Friendly length,Middle,Forward defence,
1.4,,Bumrah,Markram,Full length,outside leg stump,Cut,Square
1.5,,Bumrah,Markram,Good Length,Outside off Stump,Reverse sweep,Thirdman
1.6,,Bumrah,Markram,Back of a length,Off Stump,slog and slog sweep,Gully
3.1,,Bumrah,Markram,Friendly length,Leg Stump,upper cut,Cover
3.2,,Bumrah,Markram,short,Middle,Switch hit,point
3.3,,Bumrah,Markram,yorker length,outside leg stump,Scoop/ramp,Mid-off
3.4,,Bumrah,Markram,Full length,Outside off Stump,Helicopter shot,Mid-on
3.5,,Bumrah,Markram,Good Length,Off Stump,French cut,Deep
3.6,,Bumrah,Markram,Back of a length,Leg Stump,Hook shot,Long off
5.1,,Bumrah,Amla,Friendly length,Middle,Pull shot,Long on
5.2,,Bumrah,Amla,short,outside leg stump,Square cut,Straight
5.3,,Bumrah,Amla,yorker length,Outside off Stump,Back defence,Straight hit
47.2,W,Bumrah,Mehidy Hasan Miraz,Full length,Off Stump,Off drive,Wide
47.3,,Bumrah,Mustafizur,Good Length,Leg Stump,Straight drive,Square
47.4,,Bumrah,Mustafizur,Back of a length,Middle,On drive,Fine
47.5,1,Bumrah,Mustafizur, bouncer,outside leg stump,Sweep shot,Square
47.6,,Bumrah,Rubel,Friendly length,Outside off Stump,Forward defence,Thirdman
49.1,W,Bumrah,Mustafizur,Full length,Off Stump,Cut,Gully
1.1,,Bumrah,Zaman,Good Length,Leg Stump,Reverse sweep,Cover
1.2,,Bumrah,Zaman,Back of a length,Middle,slog and slog sweep,point
1.3,,Bumrah,Zaman,Friendly length,outside leg stump,upper cut,Mid-off
1.4,,Bumrah,Zaman,short,Outside off Stump,Switch hit,
1.5,,Bumrah,Zaman,yorker length,Off Stump,Scoop/ramp,Square
1.6,,Bumrah,Zaman,Full length,Leg Stump,Helicopter shot,Thirdman
3.1,,Bumrah,Babar Azam,Good Length,Middle,French cut,Gully
3.2,,Bumrah,Babar Azam,Back of a length,outside leg stump,Hook shot,Cover
3.3,,Bumrah,Babar Azam,Friendly length,Outside off Stump,Pull shot,point
3.4,,Bumrah,Babar Azam,short,Off Stump,Square cut,Mid-off
3.5,,Bumrah,Babar Azam,yorker length,Leg Stump,Back defence,Mid-on
3.6,,Bumrah,Babar Azam,Full length,Middle,Off drive,Deep
5.1,,Bumrah,Malik,Good Length,outside leg stump,Straight drive,Long off
5.2,4,Bumrah,Malik,Back of a length,Outside off Stump,On drive,Long on
5.3,3,Bumrah,Malik, bouncer,Off Stump,Sweep shot,Straight
5.4,,Bumrah,Babar Azam,Friendly length,Leg Stump,Forward defence,Straight hit
5.5,1,Bumrah,Babar Azam,Full length,Middle,Cut,Wide
5.6,,Bumrah,Malik,Good Length,outside leg stump,Reverse sweep,Square
7.1,,Bumrah,Malik,Back of a length,Outside off Stump,slog and slog sweep,Fine
7.2,,Bumrah,Malik,Friendly length,Off Stump,upper cut,Square
7.3,1,Bumrah,Malik,short,Leg Stump,Switch hit,Thirdman
7.4,1,Bumrah,Babar Azam,yorker length,Middle,Scoop/ramp,Gully
7.5,,Bumrah,Malik,Full length,outside leg stump,Helicopter shot,Cover
7.6,,Bumrah,Malik,Good Length,Outside off Stump,French cut,point
31.1,,Bumrah,Faheem,Back of a length,Off Stump,Hook shot,Mid-off
31.2,,Bumrah,Faheem,Friendly length,Leg Stump,Pull shot,Square
31.3,1,Bumrah,Faheem,short,Middle,Square cut,Thirdman
31.4,,Bumrah,Shadab,yorker length,outside leg stump,Back defence,Gully
31.5,1,Bumrah,Shadab,Full length,Outside off Stump,Off drive,Cover
31.6,,Bumrah,Shadab,Good Length,Off Stump,Straight drive,point
3.4,4,Bumrah,Litton Das,Back of a length,Leg Stump,On drive,Mid-off
3.5,,Bumrah,Litton Das, bouncer,Middle,Sweep shot,Mid-on
3.6,,Bumrah,Litton Das,Friendly length,outside leg stump,Forward defence,Deep
5.1,W,Bumrah,Shanto,Full length,Outside off Stump,Cut,Long off
5.2,,Bumrah,Mushfiqur,Good Length,Off Stump,Reverse sweep,Long on
5.3,1,Bumrah,Mushfiqur,Back of a length,Leg Stump,slog and slog sweep,Straight
5.4,,Bumrah,Shakib,Friendly length,Middle,upper cut,Straight hit
5.5,,Bumrah,Shakib,short,outside leg stump,Switch hit,Wide
5.6,4,Bumrah,Shakib,yorker length,Outside off Stump,Scoop/ramp,Square
7.1,1,Bumrah,Shakib,Full length,Off Stump,Helicopter shot,Fine
7.2,,Bumrah,Mushfiqur,Good Length,Leg Stump,French cut,Square
7.3,,Bumrah,Mushfiqur,Back of a length,Middle,Hook shot,Thirdman
7.4,4,Bumrah,Mushfiqur,Friendly length,outside leg stump,Pull shot,Gully
7.5,,Bumrah,Mushfiqur,short,Outside off Stump,Square cut,Cover
7.6,,Bumrah,Mushfiqur,yorker length,Flat-batted shot,Back defence,point
27.1,,Bumrah,Mosaddek,Full length,Off Stump,Off drive,Mid-off
27.2,1,Bumrah,Mosaddek,Good Length,Leg Stump,Straight drive,
27.3,,Bumrah,Mahmudullah,Back of a length,Middle,On drive,
27.4,,Bumrah,Mahmudullah, bouncer,outside leg stump,Sweep shot,
27.5,,Bumrah,Mahmudullah,Friendly length,Outside off Stump,Forward defence,
27.6,,Bumrah,Mahmudullah,Full length,Outside off,Cut,Long Off
29.1,,Bumrah,Mosaddek,Good Length,Middle,Reverse sweep,Cover
29.2,1,Bumrah,Mosaddek,Back of a length,Yorker,slog and slog sweep,Off Side
29.3,,Bumrah,Mahmudullah,Friendly length,outside leg stump,upper cut,Point
29.4,,Bumrah,Mahmudullah,short,Outside off Stump,Switch hit,Long Off
29.5,2,Bumrah,Mahmudullah,yorker length,Off Stump,Scoop/ramp,Short Third Man
29.6,,Bumrah,Mahmudullah,Full length,Leg Stump,Helicopter shot,Backward Point
35.1,4,Bumrah,Mehidy Hasan Miraz,Good Length,Middle,French cut,
35.2,,Bumrah,Mehidy Hasan Miraz,Back of a length,outside leg stump,Hook shot,Cover
35.3,1,Bumrah,Mehidy Hasan Miraz,Friendly length,Outside off Stump,Pull shot,
35.4,1,Bumrah,Mortaza,short,Off Stump,Square cut,
35.5,,Bumrah,Mortaza,yorker length,Leg Stump,Back defence,
35.6,4,Bumrah,Mehidy Hasan Miraz,Full length,Middle,Off drive,Fine Leg
45.1,,Bumrah,Mortaza,Good Length,outside leg stump,Straight drive,Square
45.2,1,Bumrah,Mortaza,Back of a length,Outside off Stump,On drive,Thirdman
45.3,1,Bumrah,Mehidy Hasan Miraz, bouncer,Off Stump,Sweep shot,Gully
45.4,,Bumrah,Mortaza,Friendly length,Leg Stump,Forward defence,Cover
45.5,,Bumrah,Mortaza,Full length,Middle,Cut,point
45.6,1,Bumrah,Mortaza,Good Length,outside leg stump,Reverse sweep,Mid-off
3.4,4,Bumrah,Litton Das,Back of a length,Outside off Stump,slog and slog sweep,Mid-on
3.5,,Bumrah,Litton Das,Friendly length,Off Stump,upper cut,Deep
3.6,,Bumrah,Litton Das,short,Leg Stump,Switch hit,Long off
5.1,W,Bumrah,Shanto,yorker length,Middle,Scoop/ramp,Long on
5.2,,Bumrah,Mushfiqur,Full length,outside leg stump,Helicopter shot,Straight
5.3,1,Bumrah,Mushfiqur,Good Length,Outside off Stump,French cut,Straight hit
5.4,,Bumrah,Shakib,Back of a length,Off Stump,Hook shot,Wide
5.5,,Bumrah,Shakib,Friendly length,Leg Stump,Pull shot,Square
5.6,4,Bumrah,Shakib,short,Middle,Square cut,Fine
7.1,1,Bumrah,Shakib,yorker length,outside leg stump,Back defence,Square
7.2,,Bumrah,Mushfiqur,Full length,Outside off Stump,Off drive,Thirdman
7.3,,Bumrah,Mushfiqur,Good Length,Off Stump,Straight drive,Gully
7.4,4,Bumrah,Mushfiqur,Back of a length,Leg Stump,On drive,Cover
7.5,,Bumrah,Mushfiqur, bouncer,Middle,Sweep shot,point
7.6,,Bumrah,Mushfiqur,Friendly length,outside leg stump,Forward defence,Mid-off
27.1,,Bumrah,Mosaddek,Yorker length,Outside off Stump,Cut,Square
27.2,1,Bumrah,Mosaddek,Yorker length,Off Stump,Reverse sweep,Thirdman
27.3,,Bumrah,Mahmudullah,Full length,Leg Stump,slog and slog sweep,Gully
27.4,,Bumrah,Mahmudullah,Good Length,Middle,upper cut,Cover
27.5,,Bumrah,Mahmudullah,Back of a length,outside leg stump,Switch hit,point
27.6,,Bumrah,Mahmudullah,Friendly length,Outside off Stump,Scoop/ramp,Mid-off
29.1,,Bumrah,Mosaddek,short,Off Stump,Helicopter shot,Mid-on
29.2,1,Bumrah,Mosaddek,yorker length,Leg Stump,French cut,Deep
29.3,,Bumrah,Mahmudullah,Full length,Middle,Hook shot,Long off
29.4,,Bumrah,Mahmudullah,Good Length,outside leg stump,Pull shot,Long on
29.5,2,Bumrah,Mahmudullah,Back of a length,Outside off Stump,Square cut,Straight
29.6,,Bumrah,Mahmudullah,Friendly length,Off Stump,Back defence,Straight hit
35.1,4,Bumrah,Mehidy Hasan Miraz,short,Leg Stump,Off drive,Wide
35.2,,Bumrah,Mehidy Hasan Miraz,yorker length,Middle,,
35.3,1,Bumrah,Mehidy Hasan Miraz,Full length,outside leg stump,On drive,Fine
35.4,1,Bumrah,Mortaza,Good Length,Outside off Stump,Sweep shot,Square
35.5,,Bumrah,Mortaza,Back of a length,Off Stump,Forward defence,Thirdman
35.6,4,Bumrah,Mehidy Hasan Miraz, bouncer,Leg Stump,Cut,Gully
45.1,,Bumrah,Mortaza,Friendly length,Middle,Reverse sweep,Cover
45.2,1,Bumrah,Mortaza,Full length,outside leg stump,slog and slog sweep,point
45.3,1,Bumrah,Mehidy Hasan Miraz,Good Length,Outside off Stump,upper cut,Mid-off
45.4,,Bumrah,Mortaza,Back of a length,Off Stump,Switch hit,
45.5,,Bumrah,Mortaza,Friendly length,Outside off Stump,Scoop/ramp,Square
45.6,1,Bumrah,Mortaza,short,Off Stump,Helicopter shot,Thirdman
3.4,4,Bumrah,Litton Das,yorker length,Leg Stump,French cut,Gully
3.5,,Bumrah,Litton Das,Full length,Middle,Hook shot,Cover
3.6,,Bumrah,Litton Das,Good Length,outside leg stump,Pull shot,point
5.1,W,Bumrah,Shanto,Back of a length,Outside off Stump,Square cut,Mid-off
5.2,,Bumrah,Mushfiqur,Friendly length,Off Stump,Back defence,Mid-on
5.3,1,Bumrah,Mushfiqur,short,Leg Stump,Off drive,Deep
5.4,,Bumrah,Shakib,yorker length,Middle,Straight drive,Long off
5.5,,Bumrah,Shakib,Full length,outside leg stump,On drive,Long on
5.6,4,Bumrah,Shakib,Good Length,Outside off Stump,Sweep shot,Straight
7.1,1,Bumrah,Shakib,Back of a length,Off Stump,Forward defence,Straight hit
7.2,,Bumrah,Mushfiqur, bouncer,Leg Stump,Cut,Wide
7.3,,Bumrah,Mushfiqur,Friendly length,Middle,Reverse sweep,Square
7.4,4,Bumrah,Mushfiqur,Full length,outside leg stump,slog and slog sweep,Fine
7.5,,Bumrah,Mushfiqur,Good Length,Outside off Stump,upper cut,Square
7.6,,Bumrah,Mushfiqur,Back of a length,Off Stump,Switch hit,Thirdman
27.1,,Bumrah,Mosaddek,Friendly length,Leg Stump,Scoop/ramp,Gully
27.2,1,Bumrah,Mosaddek,short,Middle,Helicopter shot,Cover
27.3,,Bumrah,Mahmudullah,yorker length,outside leg stump,French cut,point
27.4,,Bumrah,Mahmudullah,Full length,Outside off Stump,Hook shot,Mid-off
27.5,,Bumrah,Mahmudullah,Good Length,Off Stump,Pull shot,Short Cover
27.6,,Bumrah,Mahmudullah,Back of a length,Leg Stump,Square cut,Wide Long-On
29.1,,Bumrah,Mosaddek,Friendly length,Middle,Back defence,
29.2,1,Bumrah,Mosaddek,short,outside leg stump,Off drive,Overthrow
29.3,,Bumrah,Mahmudullah,yorker length,Outside off Stump,Straight drive,Deep Midwicket
29.4,,Bumrah,Mahmudullah,Full length,Off Stump,On drive,Deep Cover
29.5,2,Bumrah,Mahmudullah,Good Length,Leg Stump,Sweep shot,
29.6,,Bumrah,Mahmudullah,Back of a length,Middle,Forward defence,
35.1,4,Bumrah,Mehidy Hasan Miraz, bouncer,outside leg stump,Cut,
35.2,,Bumrah,Mehidy Hasan Miraz,Friendly length,Outside off Stump,Reverse sweep,
35.3,1,Bumrah,Mehidy Hasan Miraz,Full length,Off Stump,slog and slog sweep,
35.4,1,Bumrah,Mortaza,Good Length,Outside off,upper cut,
35.5,,Bumrah,Mortaza,Back of a length,Off Stump,Switch hit,
35.6,4,Bumrah,Mehidy Hasan Miraz,Friendly length,Outside off,Scoop/ramp,Short Cover
45.1,,Bumrah,Mortaza,short,Tight line,Helicopter shot,
45.2,1,Bumrah,Mortaza,yorker length,FullToss,French cut,Short Cover
45.3,1,Bumrah,Mehidy Hasan Miraz,Full length,outside leg stump,Hook shot,
45.4,,Bumrah,Mortaza,Good Length,Outside off Stump,Pull shot,
45.5,,Bumrah,Mortaza,Back of a length,Off Stump,Square cut,Short Cover
45.6,1,Bumrah,Mortaza,Friendly length,Leg Stump,Back defence,Square Leg
3.4,4,Bumrah,Litton Das,short,Middle,Off drive,Deep Cover
3.5,,Bumrah,Litton Das,yorker length,outside leg stump,Straight drive,
3.6,,Bumrah,Litton Das,Full length,Outside off Stump,On drive,
5.1,W,Bumrah,Shanto,Good Length,Off Stump,Sweep shot,
5.2,,Bumrah,Mushfiqur,Back of a length,Leg Stump,Forward defence,Square Leg
5.3,1,Bumrah,Mushfiqur, bouncer,Middle,Cut,
5.4,,Bumrah,Shakib,Friendly length,outside leg stump,Reverse sweep,Short Cover
5.5,,Bumrah,Shakib,Full length,Outside off Stump,slog and slog sweep,Leg
5.6,4,Bumrah,Shakib,Good Length,Off Stump,upper cut,Square Leg
7.1,1,Bumrah,Shakib,Back of a length,Leg Stump,Switch hit,Out of the way
7.2,,Bumrah,Mushfiqur,Friendly length,Middle,Scoop/ramp,
7.3,,Bumrah,Mushfiqur,short,outside leg stump,Helicopter shot,Square Leg
7.4,4,Bumrah,Mushfiqur,yorker length,Outside off Stump,French cut,Square Leg
7.5,,Bumrah,Mushfiqur,Full length,Off Stump,Hook shot,Square Leg
7.6,,Bumrah,Mushfiqur,Good Length,Leg Stump,Pull shot,Square Leg
27.1,,Bumrah,Mosaddek,Back of a length,Middle,Square cut,For a wide
27.2,1,Bumrah,Mosaddek,Friendly length,outside leg stump,Back defence,Mid-Off
27.3,,Bumrah,Mahmudullah,short,Outside off Stump,Off drive,Square Leg
27.4,,Bumrah,Mahmudullah,yorker length,Off Stump,Straight drive,Square Leg
27.5,,Bumrah,Mahmudullah,Full length,Leg Stump,On drive,For a wide
27.6,,Bumrah,Mahmudullah,Good Length,Middle,,
29.1,,Bumrah,Mosaddek,Back of a length,outside leg stump,Forward defence,Mid-Off
29.2,1,Bumrah,Mosaddek, bouncer,Outside off Stump,Cut,Mid-Off
29.3,,Bumrah,Mahmudullah,Friendly length,Off Stump,Reverse sweep,Mid-Off
29.4,,Bumrah,Mahmudullah,Full length,Leg Stump,slog and slog sweep,Square Leg
29.5,2,Bumrah,Mahmudullah,Good Length,Middle,upper cut,Deep
29.6,,Bumrah,Mahmudullah,Back of a length,outside leg stump,Switch hit,Long off
35.1,4,Bumrah,Mehidy Hasan Miraz,Friendly length,Outside off Stump,Scoop/ramp,Deep
35.2,,Bumrah,Mehidy Hasan Miraz,short,Off Stump,Helicopter shot,Long off
35.3,1,Bumrah,Mehidy Hasan Miraz,yorker length,Leg Stump,French cut,Square
35.4,1,Bumrah,Mortaza,Full length,Middle,Hook shot,Thirdman
35.5,,Bumrah,Mortaza,Good Length,outside leg stump,Pull shot,Gully
35.6,4,Bumrah,Mehidy Hasan Miraz,Back of a length,Outside off Stump,Square cut,Cover
45.1,,Bumrah,Mortaza,Friendly length,Off Stump,Back defence,point
45.2,1,Bumrah,Mortaza,short,Leg Stump,Off drive,Mid-off
45.3,1,Bumrah,Mehidy Hasan Miraz,yorker length,Middle,Straight drive,Mid-on
45.4,,Bumrah,Mortaza,Full length,outside leg stump,On drive,Deep
45.5,,Bumrah,Mortaza,Good Length,Outside off Stump,,Wide
45.6,1,Bumrah,Mortaza,Back of a length,Off Stump,Straight drive,
3.4,4,Bumrah,Litton Das, bouncer,Leg Stump,Cut,Straight
3.5,,Bumrah,Litton Das,Friendly length,Middle,Reverse sweep,Straight hit
3.6,,Bumrah,Litton Das,Slower ball,outside leg stump,slog and slog sweep,Wide
5.1,W,Bumrah,Shanto,Low full toss,Outside off Stump,upper cut,Square
5.2,,Bumrah,Mushfiqur,Yorker length,Off Stump,Switch hit,Fine
5.3,1,Bumrah,Mushfiqur,Yorker length,Leg Stump,Scoop/ramp,Square
5.4,,Bumrah,Shakib,Full length,Middle,Helicopter shot,Thirdman
5.5,,Bumrah,Shakib,Good Length,outside leg stump,French cut,Gully
5.6,4,Bumrah,Shakib,Back of a length,Outside off Stump,Hook shot,Cover
7.1,1,Bumrah,Shakib,Friendly length,Off Stump,Pull shot,point
7.2,,Bumrah,Mushfiqur,short,mid-off,Square cut,Mid-off
7.3,,Bumrah,Mushfiqur,yorker length,midwicket,Back defence,Square
7.4,4,Bumrah,Mushfiqur,Full length,third man,Off drive,Thirdman
7.5,,Bumrah,Mushfiqur,Good Length,FullToss,Straight drive,Gully
7.6,,Bumrah,Mushfiqur,Back of a length,Outside off,On drive,Cover
27.1,,Bumrah,Mosaddek,Friendly length,Tight line,Sweep shot,point
27.2,1,Bumrah,Mosaddek,short,Outside off,Forward defence,Mid-off
27.3,,Bumrah,Mahmudullah,Yorker length,Off Stump,Cut,Mid-on
27.4,,Bumrah,Mahmudullah,Full length,Outside off,Reverse sweep,Deep
27.5,,Bumrah,Mahmudullah,Good Length,Tight line,slog and slog sweep,Long off
27.6,,Bumrah,Mahmudullah,Back of a length,FullToss,upper cut,Long on
29.1,,Bumrah,Mosaddek, bouncer,Turning outside off,Switch hit,Straight
29.2,1,Bumrah,Mosaddek,Friendly length,Tight line,Scoop/ramp,Straight hit
29.3,,Bumrah,Mahmudullah,,Outside off,Helicopter shot,Wide
29.4,,Bumrah,Mahmudullah,,,French cut,Square
29.5,2,Bumrah,Mahmudullah,,,,
29.6,,Bumrah,Mahmudullah,,,,
35.1,4,Bumrah,Mehidy Hasan Miraz,,,,
35.2,,Bumrah,Mehidy Hasan Miraz,,,,
35.3,1,Bumrah,Mehidy Hasan Miraz,,,,
35.4,1,Bumrah,Mortaza,,,,
35.5,,Bumrah,Mortaza,,,,
35.6,4,Bumrah,Mehidy Hasan Miraz,,,,
45.1,,Bumrah,Mortaza,,,,
45.2,1,Bumrah,Mortaza,,,,
45.3,1,Bumrah,Mehidy Hasan Miraz,,,,
45.4,,Bumrah,Mortaza,,,,
45.5,,Bumrah,Mortaza,,,,
45.6,1,Bumrah,Mortaza,,,,
