Over Number,Run/Outcome,Bowler Name,Batter Name,Length of Ball,Line of Ball,Shot Type,Shot Placement,,,,
9.3,1,Shamsi,Rohit Sharma,Good Length,Off Stump,Hook shot,Cover,,,,
9.1,0,Shamsi,Rohit Sharma, outside off,Leg Stump,Pull shot,Third man,,,,
8.6,0,Smuts,Rohit Sharma,outside off,Middle,Square cut,extra cover,,,,
8.2,1,Smuts,Rohit Sharma, Straight ,outside leg stump,Back defence,Cover,,,,
7.5,0,Shamsi,Rohit Sharma, leg stump,Outside off Stump,Off drive,Cover,,,,
7.4,1,Shamsi,Rohit Sharma, Flat ,Off Stump,Straight drive,Cover,,,,
7.3,1,Shamsi,Rohit Sharma, Straight,Leg Stump,On drive,fine leg,,,,
7.2,4,Shamsi,Rohit Sharma, Flat offbreak,Middle,Sweep shot,extra cover,,,,
7.1,1,Shamsi,Rohit Sharma, outside off,outside leg stump,Forward defence,Cover,,,,
6.4,4,Morris,Rohit Sharma, Googly,Outside off Stump,Cut,Cover,,,,
6.3,2,Morris,Rohit Sharma, Touch short,Off Stump,Reverse sweep," 
Straight hit",,,,
6.2,0,Morris,Rohit Sharma, Looped up,Leg Stump,slog and slog sweep,Cover,,,,
6.2,2,Morris,Rohit Sharma, outside off,Middle,upper cut,"
Straight hit",,,,
6.1,1,Morris,Rohit Sharma, middle ,outside leg stump,Switch hit,extra cover,,,,
5.4,0,Dala,Rohit Sharma, outside off,Outside off Stump,Scoop/ramp,extra cover,,,,
5.2,1,Dala,Rohit Sharma, outside off,Off Stump,Helicopter shot,extra cover,,,,
5.1,1,Dala,Rohit Sharma, Straight,Leg Stump,French cut,extra cover,,,,
4.4,1,Morris,Rohit Sharma, leg stump,Middle,Hook shot,Square,,,,
4.3,0,Morris,Rohit Sharma, middle,outside leg stump,Pull shot,extra cover,,,,
4.2,4,Morris,Rohit Sharma, Straight,Outside off Stump,Square cut,extra cover,,,,
4.1,1,Morris,Rohit Sharma, offbreak,Off Stump,Back defence,extra cover, towards point,,,
5.3,0,Dala,Rohit Sharma, outside off,Leg Stump,Off drive,extra cover,,,,
5.2,1,Dala,Rohit Sharma, googly,Middle,Straight drive,Cover,,,,
5.1,0,Dala,Rohit Sharma,short,outside leg stump,On drive,extra cover,,,,
1, 1w,Duminy,Rohit Sharma, googly,Outside off Stump,Sweep shot,Square,,,,
,1,Duminy,Rohit Sharma, Full ,Off Stump,Forward defence,extra cover,,,,
W,4,Phehlukwayo,Rohit Sharma, outside off,Leg Stump,Cut,,,,,
Over,1,Bowler,Rohit Sharma,middle,Middle,Reverse sweep,extra cover,,,,
41.4,1,Rabada,Rohit Sharma, outside off,outside leg stump,slog and slog sweep,extra cover,,,,
41.3, W,Rabada,Rohit Sharma, outside off,Outside off Stump,upper cut,Cover,,,,
41.2,0,Rabada,Rohit Sharma,Looped up,Off Stump,Switch hit,Cover,,,,
41.1,2,Rabada,Rohit Sharma,outside off,Leg Stump,Scoop/ramp,Long on,,,,
40.6,1,Phehlukwayo,Rohit Sharma, middle ,Middle,Helicopter shot,Cover,,,,
40.5,0,Phehlukwayo,Rohit Sharma, outside off,outside leg stump,French cut,Cover,,,,
40.3,1,Phehlukwayo,Rohit Sharma, outside off,Outside off Stump,Hook shot,Cover,,,,
40.2,1,Phehlukwayo,Rohit Sharma,Straight,Off Stump,Pull shot,Cover,,,,
39.5,1,Tahir,Rohit Sharma,leg stump,Leg Stump,Square cut,Long off,,,,
39.3,0,Tahir,Rohit Sharma,Flat,Middle,Back defence,Cover,,,,
39.2,4,Tahir,Rohit Sharma,Straight ,outside leg stump,Off drive, extra cover,,,,
39.1,1,Tahir,Rohit Sharma,offbreak,Outside off Stump,Straight drive,Cover,,,,
38.3,0,Morris,Rohit Sharma, outside off,Shorter length,On drive,Cover,,,,
37.3,1,Tahir,Rohit Sharma, googly,Outside off,Sweep shot,Cover,,,,
37.1,0,Tahir,Rohit Sharma,short ,Tossed up,Forward defence,Cover,,,,
36.4,1 wide,Morris,Rohit Sharma, googly,Turning outside off,Cut,fine,,,,
35.5,1,Markram,Rohit Sharma,Full ,FullToss,Reverse sweep,Cover,,,,
35.4,4,Markram,Rohit Sharma, outside off,Smashed off the back foot,slog and slog sweep,Cover,,,,
35.3,1,Markram,Rohit Sharma, outside off,Banged in short again,upper cut,Cover,,,,
35.1,OUT,Markram,Rohit Sharma,Good Length, beats the inside edge,Switch hit,,,,,
34.4,1,Morkel,Rohit Sharma,outside off, bouncer,Scoop/ramp,Square,,,,
34.3,1w,Morkel,Rohit Sharma,short,Line isn't good,Helicopter shot,Thirdman,,,,
34.1,1,Morkel,Rohit Sharma,googly,Chopped away towards cover,French cut,Gully,,,,
33.6,0,Markram,Rohit Sharma,Full length,Blocked,Hook shot,Cover,,,,
33.2,1,Markram,Rohit Sharma,Good Length,A bit of turn,Pull shot,point,,,,
33.1,1,Markram,Rohit Sharma,Back of a length,Works to square leg,Square cut,Mid-off,,,,
32.5,1,Morkel,Rohit Sharma,short,Cut towards point,Back defence,Mid-on,,,,
32.3,1,Morkel,Rohit Sharma,googly,Clipped to long-on,Off drive,Deep,,,,
32.2,0,Morkel,Rohit Sharma,Full length,Outside off,Straight drive,Long off,,,,
32.1,1,Morkel,Rohit Sharma,Good Length,Dabbed just past the keeper,On drive,Long on,,,,
30.6,1,Phehlukwayo,Rohit Sharma,Back of a length,Well-directed,Sweep shot,Straight,,,,
30.5,0,Phehlukwayo,Rohit Sharma,Full and straight,Angled to point,Forward defence,Straight hit,,,,
30.4,1,Phehlukwayo,Rohit Sharma,Fired in on off,Carved to point,Cut,Wide,,,,
30.3,2,Phehlukwayo,Rohit Sharma,Short,Too short on off,Reverse sweep,Square,,,,
30.2,2,Phehlukwayo,Rohit Sharma,short,Worked down to fine leg,slog and slog sweep,Fine,,,,
30.1,1,Phehlukwayo,Rohit Sharma,googly,Waits for the bounce,upper cut,"
Deep extra cover",,,,
29.5,1,Tahir,Rohit Sharma,Full length,Tossed up,Switch hit,Cover,,,,
29.3,4,Tahir,Rohit Sharma,Good Length,Helped it away,Scoop/ramp,Square,,,,
29.1,2,Tahir,Rohit Sharma,Back of a length, towards deep cover,Helicopter shot,Thirdman,,,,
28.6,1,Phehlukwayo,Rohit Sharma,short,Pushed towards cover,French cut,Gully,,,,
28.4,1,Phehlukwayo,Rohit Sharma,googly,Flight on off,Hook shot,Cover,,,,
28.3,1,Phehlukwayo,Rohit Sharma,Full length,Tossed up,Pull shot,point,,,,
28.2,0,Phehlukwayo,Rohit Sharma,Good Length,Flat on middle,Square cut,Mid-off,,,,
28.1,2,Phehlukwayo,Rohit Sharma,Back of a length,Driven down to long-off,Back defence,Mid-on,,,,
27.6,1,Tahir,Rohit Sharma,short,Off Stump,Off drive,Deep,,,,
27.5,2,Tahir,Rohit Sharma,googly,Tossed up,Straight drive,Long off,,,,
27.3,1,Tahir,Rohit Sharma,Full length,Tight line,On drive,Long on,,,,
27.2,0,Tahir,Rohit Sharma,Good Length,Tossed up,Sweep shot,Straight,,,,
26.6,1,Rabada,Rohit Sharma,Back of a length,Shorter length,Forward defence,Straight hit,,,,
26.5,0,Rabada,Rohit Sharma,short,Outside off,Cut,Wide,,,,
26.3,1,Rabada,Rohit Sharma,googly,Tossed up,Reverse sweep,Square,,,,
26.1,1,Rabada,Rohit Sharma,Full length,Turning outside off,slog and slog sweep,Fine,,,,
25.6,1,Tahir,Rohit Sharma,Good Length,FullToss,upper cut,"
Deep extra cover",,,,
25.4,2,Tahir,Rohit Sharma,Back of a length,Smashed off the back foot,Switch hit,Square,,,,
25.1,1,Tahir,Rohit Sharma,short,Banged in short again,Scoop/ramp,Thirdman,,,,
24.6,1,Rabada,Rohit Sharma,googly, beats the inside edge,Helicopter shot,Gully,,,,
Over,0,Bowler,Rohit Sharma,Full length, outside off stump,French cut,Cover,,,,
24.5,1,Rabada,Rohit Sharma,Good Length,Off Stump,Hook shot,point,,,,
24.3,4,Rabada,Rohit Sharma,Back of a length,FullToss,Pull shot,Mid-off,,,,
24.2,1,Rabada,Rohit Sharma,short,Tight line,Square cut,Mid-on,,,,
24.1,1,Rabada,Rohit Sharma,googly,A bit of turn ,Back defence,Deep,,,,
23.6,1,Tahir,Rohit Sharma,Full length,Shorter length,Off drive,Long off,,,,
23.5,4,Tahir,Rohit Sharma,Good Length,Outside off,Straight drive,Long on,,,,
23.2,4,Tahir,Rohit Sharma,Back of a length,Tossed up,On drive,Straight,,,,
22.6,1,Duminy,Rohit Sharma,short,Turning outside off,Sweep shot,Straight hit,,,,
22.6,1,Duminy,Rohit Sharma,googly,FullToss,Forward defence,Wide,,,,
22.4,1,Duminy,Rohit Sharma,Full length,Smashed off the back foot,Cut,Square,,,,
22.1,6,Duminy,Rohit Sharma,Good Length,Banged in short again,Reverse sweep,Fine,,,,
21.6,0,Tahir,Rohit Sharma,Back of a length, beats the inside edge,slog and slog sweep,"
Deep extra cover",,,,
21.1,1,Tahir,Rohit Sharma,short,Off Stump,upper cut,Square,,,,
20.5,0,Duminy,Rohit Sharma,googly,Missed Stumping! A massive gallop down the pitch,Switch hit,Thirdman,,,,
20.4,0,Duminy,Rohit Sharma,Full length,Tight line,Scoop/ramp,Square,,,,
20.1,1,Duminy,Rohit Sharma,Good Length,A bit of turn again ,Helicopter shot,Thirdman,,,,
19.5,2,Phehlukwayo,Rohit Sharma,Back of a length,Shorter length,French cut,Square,,,,
19.3,2,Phehlukwayo,Rohit Sharma,short, extra cover fielder. ,Hook shot,Thirdman,,,,
18.6,1,Morris,Rohit Sharma,googly,on the leg side,Pull shot,Gully,, ,,
18.5,0,Morris,Rohit Sharma,Full length, inside half on the forward push,Square cut,Cover,,,,
18.4,1,Morris,Rohit Sharma,Good Length, deep in the crease,Back defence,point,,,,
18.3,0,Morris,Rohit Sharma,Back of a length, on middle stump,Off drive,Mid-off,,,,
18.2,0,Morris,Rohit Sharma,short,Off Stump,Straight drive,Mid-on,,,,
17.6,4,Phehlukwayo,Rohit Sharma,googly,Missed Stumping!,On drive,Deep,,,,
17.2,0,Phehlukwayo,Rohit Sharma,Full length,Tight line,Sweep shot,Long off,,,,
17.1,4,Phehlukwayo,Rohit Sharma,Good Length,A bit of turn again,Forward defence,Long on,,,,
16.3,4,Morris,Rohit Sharma,Back of a length,Shorter length,Cut,Straight,,,,
15.4,0,Phehlukwayo,Rohit Sharma,short,Outside off,Reverse sweep,Straight hit,,,,
15.3,0,Phehlukwayo,Rohit Sharma,googly,Tossed up,slog and slog sweep,Wide,,,,
14.6,2,Morris,Rohit Sharma,Full length,Turning outside off,upper cut,Square,,,,
14.5,0,Morris,Rohit Sharma,Good Length,FullToss,Switch hit,Fine,,,,
14.4,0,Morris,Rohit Sharma,Back of a length,Smashed off the back foot,Scoop/ramp,"
Deep extra cover",,,,
14.3,0,Morris,Rohit Sharma,short,Banged in short again,Helicopter shot,Fine,,,,
14.2,1,Morris,Rohit Sharma,googly, beats the inside edge,French cut,Fine,,,,
14.1,4,Morris,Rohit Sharma,Full length,Off Stump,Hook shot,Square,,,,
13.4,1,Tahir,Rohit Sharma,Good Length,Banged in short again,Pull shot,Thirdman,,,,
13.1,1,Tahir,Rohit Sharma,Back of a length,Tight line,Square cut,Gully,,,,
12.5,4,Morris,Rohit Sharma,short,A bit of turn again,Back defence,Cover,,,,
12.4,1,Morris,Rohit Sharma,googly,Shorter length,Off drive,point,,,,
12.3,2,Morris,Rohit Sharma,Full length,Off Stump,Straight drive,Mid-off,,,,
12.1,0,Morris,Rohit Sharma,Good Length,Missed Stumping! ,On drive,Mid-on,,,,
11.5,1,Tahir,Rohit Sharma,Back of a length,Tight line,Sweep shot,Deep,,,,
11.2,2,Tahir,Rohit Sharma,short,A bit of turn again,Forward defence,Long off,,,,
11.1,4,Tahir,Rohit Sharma,googly,Shorter length,Cut,Long on,,,,
10.5,4,Morris,Rohit Sharma,Full length,Outside off,Reverse sweep,Straight,,,,
10.3,1,Morris,Rohit Sharma,Good Length,Tossed up,slog and slog sweep,Straight hit,,,,
9.2,1,Rabada,Rohit Sharma,Back of a length,Turning outside off,upper cut,Wide,,,,
Over Number,1,Bowler Name,Rohit Sharma,short,FullToss,Switch hit,Square,,,,
8.6,0,Morkel,Rohit Sharma,googly,Tight line,Scoop/ramp,Fine,,,,
8.5,1,Morkel,Rohit Sharma,Full length, short ,Helicopter shot,"
Deep extra cover",,,,
8.4,1,Morkel,Rohit Sharma,Good Length,Tossed up,French cut,Mid-on,,,,
8.3,1,Morkel,Rohit Sharma,Back of a length,Off Stump,Hook shot,Deep,,,,
8.2,0,Morkel,Rohit Sharma,short,OutsideOff,Pull shot,Long off,,,,
8.1,1,Morkel,Rohit Sharma,googly,Tight line,Square cut,Long on,,,,
7.2,0,Rabada,Rohit Sharma,Full length, bit of turn ,Back defence,Straight,,,,
7.1,1,Rabada,Rohit Sharma,Good Length,Shorter length,Off drive,Square,,,,
20.3,1,Tahir,Rohit Sharma,Back of a length,Off Stump,Straight drive,Thirdman,,,,
20.2,0,Tahir,Rohit Sharma,short,gallop down the pitch,On drive,Gully,,,,
20.1,0,Tahir,Rohit Sharma,googly,Tight line,Sweep shot,Cover,,,,
18.6,1,Tahir,Rohit Sharma,Full length,Off Stump,Forward defence,point,,,,
18.5,0,Tahir,Rohit Sharma,Good Length,Shorter length,Cut,Mid-off,,,,
18.4,4,Tahir,Rohit Sharma,Back of a length,Outside off,Reverse sweep,Mid-on,,,,
18.2,0,Tahir,Rohit Sharma,Slower ball,Tossed up,slog and slog sweep,Deep,,,,
17.6,1,Morkel,Rohit Sharma,Slower and fuller,Turning outside off,upper cut,Long off,,,,
17.5,1,Morkel,Rohit Sharma,Length,FullToss,Switch hit,Long on,,,,
16.6,1,Tahir,Rohit Sharma,short,Turning outside off,Scoop/ramp,Straight,,,,
16.5,1,Tahir,Rohit Sharma,googly,Tight line,Helicopter shot,Straight hit,,,,
16.4,4,Tahir,Rohit Sharma,Full length,Outside off,French cut,Wide,,,,
16.3,1,Tahir,Rohit Sharma,Good Length,Off Stump,Hook shot,Square,,,,
15.6,1,Morkel,Rohit Sharma,Back of a length,Outside off,Pull shot,Fine,,,,
15.4,1,Morkel,Rohit Sharma,short,Tight line,Square cut,Mid-on,,,,
15.1,4,Morkel,Rohit Sharma,googly,A bit of turn again,Back defence, down leg ,,,,
14.6,1,Tahir,Rohit Sharma,Full length,Shorter length,Off drive, deep square leg,,,,
14.5,2,Tahir,Rohit Sharma,Good Length,Off Stump,Straight drive,Long on,,,,
13.6,1,Shamsi,Rohit Sharma,Back of a length,Missed Stumping,On drive, deep square leg,,,,
13.5,1w,Shamsi,Rohit Sharma,Friendly length,Tight line,Sweep shot, down leg ,,,,
13.4,0,Shamsi,Rohit Sharma,short,A bit of turn again,Forward defence,Mid-on,,,,
13.3,1,Shamsi,Rohit Sharma,googly,Shorter length,Cut, deep square leg,,,,
12.4,1,Tahir,Rohit Sharma,Full length,Outside off,Reverse sweep,Fine,,,,
12.3,1,Tahir,Rohit Sharma,Good Length,Tossed up,slog and slog sweep, deep square leg,,,,
12.1,4,Tahir,Rohit Sharma,Back of a length,Turning outside off,upper cut,Fine,,,,
11.2,0,Shamsi,Rohit Sharma,Friendly length,FullToss,Switch hit,Square,,,,
11.1,1,Shamsi,Rohit Sharma,short,Smashed off the back foot,Scoop/ramp,Thirdman,,,,
10.4,4,Tahir,Rohit Sharma,googly,Banged in short again,Helicopter shot,Gully,,,,
10.1,1,Tahir,Rohit Sharma,Full length, beats the inside edge,French cut,Cover,,,,
9.5,1,Rabada,Rohit Sharma,Good Length,Off Stump,Hook shot,point,,,,
9.4,1,Rabada,Rohit Sharma,Back of a length,Missed Stumping,Pull shot,Mid-off,,,,
9.3,1,Rabada,Rohit Sharma,Friendly length,Tight line,Square cut,Mid-on,,,,
8.6,1,Morris,Rohit Sharma,short,A bit of turn again,Back defence,Deep,,,,
8.5,W,Morris,Rohit Sharma,googly,Shorter length,Off drive,Long off,,,,
8.4,1,Morris,Rohit Sharma,Full length,straight,Straight drive,Long on,,,,
7.4,2,Rabada,Rohit Sharma,Good Length,square leg,On drive,Straight,,,,
7.3,1,Rabada,Rohit Sharma,Back of a length,long-on,Sweep shot,Straight hit,,,,
7.2,2,Rabada,Rohit Sharma,Friendly length,extra cover,Forward defence,Wide,,,,
7.1,1,Rabada,Rohit Sharma,short,leg side,Cut,Square,,,,
5.4,1,Rabada,Rohit Sharma,googly,pads,Reverse sweep,Fine,,,,
5.3,4,Rabada,Rohit Sharma,Full length,leg side,slog and slog sweep,deep midwicket,,,,
4.6,1,Morris,Rohit Sharma,Good Length,middle and leg,upper cut,fine leg,,,,
4.4,1,Morris,Rohit Sharma,Back of a length,leg side,Switch hit,-,,,,
4.3,1,Morris,Rohit Sharma,Friendly length,square leg,Scoop/ramp,-,,,,
4.3,4,Morris,Rohit Sharma,short,cover,Helicopter shot,keeper,,,,
4.2,1,Morris,Rohit Sharma,googly,square leg,French cut,deep square leg,,,,
4.1,1,Morris,Rohit Sharma,Full length,leg stump,-,leg side,,,,
49.6,1,Rabada,Rohit Sharma,Good Length,leg side,-,deep midwicket,,,,
49.5,1,Rabada,Rohit Sharma,Back of a length,midwicket,-,deep midwicket,,,,
49.1,1,Rabada,Rohit Sharma,Friendly length,cover,Hook shot,-,,,,
48.6,2,Morris,Rohit Sharma,short,long-on,Pull shot,wide long-on,,,,
48.6,1,Morris,Rohit Sharma,googly,deep cover,Square cut,-,,,,
48.4,4,Morris,Rohit Sharma,Full length,long-on,Back defence,-,,,,
48.3,1,Morris,Rohit Sharma,Good Length,-,Off drive,-,,,,
48.1,1w,Morris,Rohit Sharma,Back of a length,down leg,Straight drive,-,,,,
47.6,4,Rabada,Rohit Sharma,Friendly length,cover,On drive,cover,,,,
47.4,1,Rabada,Rohit Sharma,short,leg side,Sweep shot,fine leg,,,,
47.3,1,Rabada,Rohit Sharma,googly,short third man,Forward defence,-,,,,
47.3,4,Rabada,Rohit Sharma,Full length,cover,Cut,-,,,,
47.1,1,Rabada,Rohit Sharma,Good Length,midwicket,Reverse sweep,deep midwicket,,,,
46.5,1W,Morris,Rohit Sharma,Back of a length,down leg,slog and slog sweep,-,,,,
46.3,1,Morris,Rohit Sharma,Friendly length,square leg,upper cut,-,,,,
46.1,1,Morris,Rohit Sharma,short,mid-off,Switch hit,-,,,,
45.6,W,Rabada,Rohit Sharma,googly,cover,Scoop/ramp,-,,,,
45.3,0,Rabada,Rohit Sharma,Full length,good length outside off,Helicopter shot,Square,,,,
45.2,1w,Rabada,Rohit Sharma,Good Length,Strays well down leg for a wide.,French cut,Thirdman,,,,
45.1,0,Rabada,Rohit Sharma,Back of a length,Full delivery around off,Hook shot,Gully,,,,
44.6,0,Phehlukwayo,Rohit Sharma,Friendly length,On a length around off,Pull shot,Cover,,,,
44.4,0,Phehlukwayo,Rohit Sharma,short,Steps down,Square cut,point,,,,
44.4,0,Phehlukwayo,Rohit Sharma,googly,Full and wide outside off,Back defence,Mid-off,,,,
44.3,0,Phehlukwayo,Rohit Sharma,Full length,Good length outside off,Off drive,Mid-on,,,,
44.1,1,Phehlukwayo,Rohit Sharma,Good Length,Short and wide outside off,Straight drive,Deep,,,,
44.1,W,Phehlukwayo,Rohit Sharma,Back of a length, outside off,On drive,Long off,,,,
WATCH - Dhoni holes out to long-on (Available only to viewers in the Indian subcontinent and UAE),1,,Rohit Sharma, bouncer,Shortish on off stump,Sweep shot,Long on,,,,
43.4,W,Tahir,Rohit Sharma,Friendly length,Tossed up,Forward defence,Straight,,,,
43.3,W,Tahir,Rohit Sharma,Full length,Off Stump,Cut,Straight hit,,,,
43.1,2,Tahir,Rohit Sharma,Good Length,OutsideOff,Reverse sweep,Wide,,,,
42.3,1,Phehlukwayo,Rohit Sharma,Back of a length,Tight line,slog and slog sweep,Square,,,,
42.2,1,Phehlukwayo,Rohit Sharma,Friendly length, bit of turn ,upper cut,Fine,,,,
42.1,1,Phehlukwayo,Rohit Sharma,short,Shorter length,Switch hit,Square,,,,
41.5,1,Tahir,Rohit Sharma,googly,Off Stump,Scoop/ramp,Thirdman,,,,
41.2,1,Tahir,Rohit Sharma,Full length,gallop down the pitch,Helicopter shot,Gully,,,,
41.1,1,Tahir,Rohit Sharma,Good Length,Tight line,French cut,Cover,,,,
40.6,1,Phehlukwayo,Rohit Sharma,Back of a length,Off Stump,,point,,,,
40.5,1,Phehlukwayo,Rohit Sharma,Friendly length,Shorter length,,Mid-off,,,,
40.5,1,Phehlukwayo,Rohit Sharma,short,Outside off,Hook shot,Mid-on,,,,
40.4,1,Phehlukwayo,Rohit Sharma,googly,Tossed up,Pull shot,Deep,,,,
40.3,1,Phehlukwayo,Rohit Sharma,Full length,Turning outside off,Square cut,Long off,,,,
40.1,4,Phehlukwayo,Rohit Sharma,Good Length,FullToss,Back defence,Long on,,,,
39.5,0,Duminy,Rohit Sharma,Back of a length,Turning outside off,Off drive,Straight,,,,
39.4,0,Duminy,Rohit Sharma, bouncer,Tight line,Straight drive,Straight hit,,,,
39.3,1,Duminy,Rohit Sharma,Friendly length,Outside off,On drive,Wide,,,,
39.2,1,Duminy,Rohit Sharma,Full length,Off Stump,Sweep shot,Square,,,,
39.1,1,Duminy,Rohit Sharma,Good Length,Outside off,Forward defence,Fine,,,,
38.4,0,Tahir,Rohit Sharma,Back of a length,Tight line,Cut,Mid-off,,,,
38.2,0,Tahir,Rohit Sharma,Friendly length,A bit of turn again,Reverse sweep,Mid-on,,,,
38.1,1,Tahir,Rohit Sharma,short,Another yorker on leg,slog and slog sweep,Deep,,,,
37.4,2,Duminy,Rohit Sharma,googly,A high full toss on middle,upper cut,Long off,,,,
37.2,1,Duminy,Rohit Sharma,Full length,Full and straight,Switch hit,Long on,,,,
37.1,1,Duminy,Rohit Sharma,Good Length,Full and wide outside off,Scoop/ramp,Straight,,,,
36.5,0,Morris,Rohit Sharma,Back of a length,Full and very wide outside off,Helicopter shot,Straight hit,,,,
35.6,1w,Duminy,Rohit Sharma,Friendly length,Full and wide again,French cut,Wide,,,,
35.3,4,Duminy,Rohit Sharma,short,A thick outside edge races down to the third man boundary. Full and wide,Hook shot,Square,,,,
35.1,1,Duminy,Rohit Sharma,googly,Full and straight,Pull shot,Fine,,,,
34.6,1,Morris,Rohit Sharma,Full length,Superb yorker,Square cut,Square,,,,
34.5,1,Morris,Rohit Sharma,Good Length,Another low full toss,Back defence,Thirdman,,,,
34.4,1,Morris,Rohit Sharma,Back of a length,A low full toss down leg,Off drive,Gully,,,,
34.2,OUT,Morris,Rohit Sharma, bouncer,A high full toss on middle,Straight drive,Cover,,,,
34.1,6,Morris,Rohit Sharma,Friendly length,Full and straight,On drive,point,,,,
33.6,2,Duminy,Rohit Sharma,Full length,Full and wide outside off,Sweep shot,Mid-off,,,,
33.2,4,Duminy,Rohit Sharma,Good Length,Full and very wide outside off,Forward defence,Mid-on,,,,
33.1,1,Duminy,Rohit Sharma,Back of a length,A high full toss on middle,Cut,Deep,,,,
32.2,2,Morris,Rohit Sharma,Friendly length,Full and straight,Reverse sweep,Long off,,,,
31.6,1,Duminy,Rohit Sharma,short,Full and wide outside off,slog and slog sweep,Long on,,,,
31.2,0,Duminy,Rohit Sharma,googly,Full and very wide outside off,upper cut,Straight,,,,
31.1,1,Duminy,Rohit Sharma,Full length,A high full toss on middle,Switch hit,Straight hit,,,,
30.5,0,Rabada,Rohit Sharma,Good Length,Full and straight,Scoop/ramp,Wide,,,,
30.4,1,Rabada,Rohit Sharma,Back of a length,Full and wide outside off,Helicopter shot,Square,,,,
30.3,1,Rabada,Rohit Sharma,Friendly length,Full and very wide outside off,French cut,Fine,,,,
30.2,2,Rabada,Rohit Sharma,short,A high full toss on middle,Hook shot,Long on,,,,
29.4,1,Duminy,Rohit Sharma,googly,Full and straight,Pull shot,Straight,,,,
29.2,1,Duminy,Rohit Sharma,Full length,Full and wide outside off,Square cut,Straight hit,,,,
29.1,1,Duminy,Rohit Sharma,Good Length,Full and very wide outside off,Back defence,Wide,,,,
28.6,1,Rabada,Rohit Sharma,Back of a length,A high full toss on middle,Off drive,Square,,,,
28.5,1,Rabada,Rohit Sharma, bouncer,Full and straight,Straight drive,Fine,,,,
28.2,0,Rabada,Rohit Sharma,Friendly length,Full and wide outside off,On drive,Square,,,,
28.1,0,Rabada,Rohit Sharma,Excellent line,Full and very wide outside off,Sweep shot,Thirdman,,,,
27.5,0,Duminy,Rohit Sharma,Full length,A high full toss on middle,Forward defence,Gully,,,,
27.2,1,Duminy,Rohit Sharma,Good Length,Full and straight,Cut,Cover,,,,
26.6,1,Tahir,Rohit Sharma,Back of a length,Full and wide outside off,Reverse sweep,point,,,,
26.4,1,Tahir,Rohit Sharma,Friendly length,Full and very wide outside off,slog and slog sweep,Mid-off,,,,
26.2,1,Tahir,Rohit Sharma,short,A high full toss on middle,upper cut,Mid-on,,,,
26.1,0,Tahir,Rohit Sharma,googly,Full and straight,Switch hit,Deep,,,,
,1,,Rohit Sharma,Full length,Full and wide outside off,Scoop/ramp,Long off,,,,
25.6,1,Duminy,Rohit Sharma,Good Length,Full and very wide outside off,Helicopter shot,Long on,,,,
25.5,0,Duminy,Rohit Sharma,Back of a length, flight outside off,French cut,Straight,,,,
25.4,0,Duminy,Rohit Sharma,Friendly length,Tossed up,Hook shot,Straight hit,,,,
25.2,0,Duminy,Rohit Sharma,short,Off Stump,Pull shot,Wide,,,,
,1,,Rohit Sharma,googly,OutsideOff,Square cut,Square,,,,
24.5,1,Tahir,Rohit Sharma,Full length,Tight line,Back defence,Fine,,,,
24.4,1,Tahir,Rohit Sharma,Good Length, bit of turn ,Off drive,,,,,
24.2,0,Tahir,Rohit Sharma,Back of a length,Shorter length,Straight drive,,,,,
,3,,Rohit Sharma, bouncer,Off Stump,On drive,,,,,
23.5,1,Duminy,Rohit Sharma,Friendly length,gallop down the pitch,Sweep shot,,,,,
23.3,1,Duminy,Rohit Sharma,Full length,Tight line,Forward defence,,,,,
,0,,Rohit Sharma,Good Length,Off Stump,Cut,,,,,
22.5,0,Tahir,Rohit Sharma,Back of a length,Shorter length,Reverse sweep,,,,,
22.2,4,Tahir,Rohit Sharma,Friendly length,Outside off,slog and slog sweep,,,,,
22.1,1,Tahir,Rohit Sharma,short,Tossed up,upper cut,,,,,
,2,,Rohit Sharma,googly,Turning outside off,Switch hit,Square,,,,
21.5,1,Duminy,Rohit Sharma,Full length,FullToss,Scoop/ramp,Thirdman,,,,
21.4,0,Duminy,Rohit Sharma,Good Length,Turning outside off,Helicopter shot,Gully,,,,
21.3,1,Duminy,Rohit Sharma,Back of a length,Tight line,French cut,Cover,,,,
21.1,1w,Duminy,Rohit Sharma,Friendly length,Outside off,Hook shot,point,,,,
,6,,Rohit Sharma,short,Off Stump,Pull shot,Mid-off,,,,
20.6,1w,Tahir,Rohit Sharma,googly,Outside off,Square cut,Mid-on,,,,
,1,,Rohit Sharma,Full length, a low full toss.,Back defence,Deep,,,,
20.3,1w,Tahir,Rohit Sharma,Good Length, goes beyond the wide line,Off drive,Long off,,,,
20.1,1,Tahir,Rohit Sharma,Back of a length,Off Stump,Straight drive,Long on,,,,
,1,,Rohit Sharma, bouncer,Off Stump,On drive,Straight,,,,
19.6,4,Ngidi,Rohit Sharma,Friendly length, flight outside off,Sweep shot,Straight hit,,,,
19.5,1,Ngidi,Rohit Sharma,Full length,Tossed up,Forward defence,Wide,,,,
19.3,4,Ngidi,Rohit Sharma,Good Length,Off Stump,Cut,Square,,,,
,1,,Rohit Sharma,Back of a length,OutsideOff,Reverse sweep,Fine,,,,
18.6,2,Tahir,Rohit Sharma,Friendly length,Tight line,slog and slog sweep,Square,,,,
18.5,1,Tahir,Rohit Sharma,short, bit of turn ,upper cut,Thirdman,,,,
18.2,4,Tahir,Rohit Sharma,googly,Shorter length,Switch hit,Gully,,,,
,0,,Rohit Sharma,Full length,Off Stump,Scoop/ramp,Cover,,,,
17.5,1,Ngidi,Rohit Sharma,Good Length,gallop down the pitch,Helicopter shot,point,,,,
17.4,1,Ngidi,Rohit Sharma,Back of a length,Tight line,French cut,Mid-off,,,,
17.2,1,Ngidi,Rohit Sharma,Friendly length,Off Stump,Hook shot,Square,,,,
17.1,1,Ngidi,Rohit Sharma,short,Shorter length,Pull shot,Thirdman,,,,
,4,,Rohit Sharma,googly,Outside off,Square cut,Gully,,,,
15.3,1,Morris,Rohit Sharma,Full length,Tossed up,Back defence,Cover,,,,
15.1,1,Morris,Rohit Sharma,Good Length,Turning outside off,Off drive,point,,,,
,1w,,Rohit Sharma,Back of a length,FullToss,Straight drive,Mid-off,,,,
14.6,1w,Phehlukwayo,Rohit Sharma, bouncer, darted full on middle stum,On drive,Mid-on,,,,
14.4,1,Phehlukwayo,Rohit Sharma,Friendly length,Off Stump,Sweep shot,Deep,,,,
,1,,Rohit Sharma,Full length,down leg,Forward defence,Long off,,,,
13.2,2,Morris,Rohit Sharma,Good Length,cover,Cut,Long on,,,,
13.1,1,Morris,Rohit Sharma,Back of a length,leg side,Reverse sweep,Straight, defended.,,,
,W,,Rohit Sharma,Friendly length,short third man,slog and slog sweep,Straight hit,,,,
12.3,2,Phehlukwayo,Rohit Sharma,short,cover,upper cut,Wide, dabbed to third man for a run.,,,
12.2,1,Phehlukwayo,Rohit Sharma,googly,midwicket,Switch hit,Square," followed by a loud call of ""nooo""",,,
12.1,0,Phehlukwayo,Rohit Sharma,Full length,down leg,Scoop/ramp,Fine, finds a thick outside edge down to third man,,,
,0,,Rohit Sharma,Good Length,square leg,Helicopter shot,Square,,,,
11.6,2,Morris,Rohit Sharma,Back of a length,mid-off,French cut,Thirdman, and he makes it easily. Dhawan labours towards the other end.,,,
11.3,1,Morris,Rohit Sharma,Friendly length,cover,Lofted Drive,Gully, Dhawan responds. Out by more than a few inches had he hit.,,,
11.2,1,Morris,Rohit Sharma,short,good length outside off,Slog Sweeps,Cover,,,,
11.1,2,Morris,Rohit Sharma,googly,Strays well down leg for a wide.,Hook shot,point,,,,
10.3,1,Phehlukwayo,Rohit Sharma,Full length,Full delivery around off,Pull shot,Mid-off, to the sweeper cover for a run,,,
10.2,1,Phehlukwayo,Rohit Sharma,Good Length,On a length around off,Square cut,, dabbed to point,,,
9.6,4,Morris,Rohit Sharma,Back of a length,Steps down,Back defence,Straight hit, a thick inside edge beats the stumps and short fine leg and earns Kohli four. Has to be careful of that inward movement. India 50/1 Virat Kohli 25* (35b 5x4),,,
9.5,0,Morris,Rohit Sharma, bouncer,Full and wide outside off,Off drive,Wide, hits the inside half towards cover,,,
9.4,0,Morris,Rohit Sharma,Friendly length,Good length outside off,Straight drive,Square,,,,
9.3,1,Morris,Rohit Sharma,Full length,Short and wide outside off,On drive,Fine,,,,
9.2,0,Morris,Rohit Sharma,Good Length, outside off,Sweep shot,Square, Dhawan refuses the run, rightly.,,
9.1,2,Morris,Rohit Sharma,Back of a length,Shortish on off stump,Forward defence,Thirdman,,,,
8.5,W,Rabada,Rohit Sharma,Friendly length,Tossed up,Cut,Gully, Kohli is rushed, off the glove to square leg,,
8.4,2,Rabada,Rohit Sharma,short,Off Stump,Reverse sweep,Cover,,,,
8.3,1,Rabada,Rohit Sharma,googly,OutsideOff,slog and slog sweep,point, that he thinks of upper-cutting, misses. A smile from both parties,,
8.2,4,Rabada,Rohit Sharma,Full length,Tight line,upper cut,Mid-off,,,,
8.1,4,Rabada,Rohit Sharma,Good Length, bit of turn ,Switch hit,,,,,
7.4,1,Ngidi,Rohit Sharma,Back of a length,Shorter length,Scoop/ramp,, much to his delight,,,
7.3,1,Ngidi,Rohit Sharma,Friendly length,Off Stump,Helicopter shot,, just a punchy push. Awesome timing.,,,
7.2,0,Ngidi,Rohit Sharma,short,gallop down the pitch,French cut,,,,,
7.1,1,Ngidi,Rohit Sharma,googly,Tight line,Hook shot,Square, Kohli gets on top of the bounce to defend. Keeps it down nicely.,,,
5.6,1,Rabada,Rohit Sharma,Full length,Off Stump,Pull shot,Thirdman,,,,
6.5,0,Rabada,Rohit Sharma,Good Length,Shorter length,Square cut,Gully,,,,
6.4,4,Rabada,Rohit Sharma,Back of a length,Outside off,Back defence,Cover,,,,
5.6,4,Ngidi,Rohit Sharma, bouncer,Tossed up,Off drive,point, waiting for bowlers to come to him. India 28/1 Virat Kohli 13* (18b 3x4),,,
5.5,1,Ngidi,Rohit Sharma,Friendly length,Turning outside off,Straight drive,Mid-off, Kohli gets on top of the bounce to defend. Keeps it down nicely.,,,
5.4,1,Ngidi,Rohit Sharma,Full length,FullToss,On drive,Mid-on,,,,
5.3,1,Ngidi,Rohit Sharma,Good Length,Turning outside off,Sweep shot,Deep,,,,
5.2,2,Ngidi,Rohit Sharma,Back of a length,Tight line,Forward defence,Long off, he's playing that shot well,,,
4.6,1,Rabada,Rohit Sharma,Friendly length,Outside off,Cut,Long on, left alone,,,
4.5,0,Rabada,Rohit Sharma,short,Off Stump,Reverse sweep,Straight,,,,
4.4,1,Rabada,Rohit Sharma,googly,Outside off,slog and slog sweep,Straight hit,,,,
4.3,6,Rabada,Rohit Sharma,Full length,Tight line,upper cut,Wide,,,,
4.3,0,Rabada,Rohit Sharma,Good Length,A bit of turn again,Switch hit,Square,,,,
4.2,1,Rabada,Rohit Sharma,Back of a length,Another yorker on leg,Scoop/ramp,Fine,,,,
4.1,1,Rabada,Rohit Sharma,Friendly length,A high full toss on middle,Helicopter shot,Square,,,,
3.3,1,Ngidi,Rohit Sharma,short,Full and straight,French cut,Thirdman,,,,
2.6,0,Rabada,Rohit Sharma,googly,Full and wide outside off,Cut,Gully,,,,
2.5,1,Rabada,Rohit Sharma,Full length,Full and very wide outside off,Leg stump,Cover,,,,
2.4,4,Rabada,Rohit Sharma,Good Length,Full and wide again,Punched,point,,,,
2.3,1w,Rabada,Rohit Sharma,Back of a length,A thick outside edge races down to the third man boundary. Full and wide,Hook shot,Mid-off, on HawkEye.,,,
2.2,0,Rabada,Rohit Sharma, bouncer,Full and straight,Pull shot,,,,,
2.1,0,Rabada,Rohit Sharma,Friendly length,Superb yorker,Square cut,, it's a good ball.,,,
31.1,0,Morris,Rohit Sharma,Good length ball,Another low full toss,Back defence,Square, the fresh bowler, has a little more gas to hit the deck and get the extra bounce to knock over the India captain.,,
30.6,W,Duminy,Rohit Sharma,Good length ball,A low full toss down leg,Off drive,Thirdman,,,,
30.4,1,Duminy,Rohit Sharma,Full length,A high full toss on middle,Straight drive,Gully, and beating a silly mid-on to get the runs too,,,
30.2,1,Duminy,Rohit Sharma,Good Length,Full and straight,On drive,Cover,,,,
30.1,1,Duminy,Rohit Sharma,Back of a length,Full and wide outside off,Sweep shot,point,,,,
29.6,0,Ngidi,Rohit Sharma,Friendly length,Full and very wide outside off,Forward defence,Mid-off,,,,
29.5,1,Ngidi,Rohit Sharma,short,A high full toss on middle,Cut,Mid-on,,,,
29.1,1,Ngidi,Rohit Sharma,googly,Full and straight,Reverse sweep,Deep,,,,
28.4,0,Duminy,Rohit Sharma,Full length,down leg,slog and slog sweep,Long off,,,,
28.3,1,Duminy,Rohit Sharma,Good Length,cover,upper cut,Long on,,,,
27.2,1,Ngidi,Rohit Sharma,Back of a length,leg side,Switch hit,Straight,,,,
27.1,1,Ngidi,Rohit Sharma,Friendly length,short third man,Scoop/ramp,Straight hit,,,,
26.5,2,Duminy,Rohit Sharma,short,cover,Helicopter shot,Wide,,,,
26.4,1,Duminy,Rohit Sharma,googly,midwicket,French cut,Square,,,,
26.3,0,Duminy,Rohit Sharma,Full length,down leg,Hook shot,Fine,,,,
25.4,4,Ngidi,Rohit Sharma,Good Length,square leg,Pull shot,Square, but Dhawan has his back turned and that doesn't please the Indian captain at all,,,
25.3,1,Ngidi,Rohit Sharma,Back of a length,mid-off,Square cut,Thirdman,,,,
24.6,1,Duminy,Rohit Sharma, bouncer,cover,Back defence,Gully,,,,
24.4,1,Duminy,Rohit Sharma,Friendly length,good length outside off,Off drive,Cover,,,,
24.2,W,Duminy,Rohit Sharma,Full length,Strays well down leg for a wide.,Straight drive,point,,,,
23.4,2,Morkel,Rohit Sharma,Good Length,Full delivery around off,On drive,Mid-off,,,,
23.3,1,Morkel,Rohit Sharma,Back of a length,On a length around off,Sweep shot,Square,,,,
22.2,6,Phehlukwayo,Rohit Sharma,Friendly length,Steps down,Forward defence,Thirdman,,,,
22.1,1,Phehlukwayo,Rohit Sharma,short,Full and wide outside off,Cut,Gully,,,,
21.5,4,Morkel,Rohit Sharma,googly,Good length outside off,Reverse sweep,Cover,,,,
21.4,6,Morkel,Rohit Sharma,Full length,Short and wide outside off,slog and slog sweep,point,,,,
21.3,2,Morkel,Rohit Sharma,Good Length, outside off,upper cut,Mid-off, the extra bounce undoing the flick through midwicket. Morkel sizes up the leading edge, rushes to his right, against his follow-through, flies in the air to try and get under the ball but just can't get it
21.2,1,Morkel,Rohit Sharma,Back of a length,Shortish on off stump,Switch hit,Mid-on, on a length, outside off, walloped over mid-off,
21.1,2,Morkel,Rohit Sharma,Friendly length,Tossed up,Scoop/ramp,Deep,,,,
20.5,1,Phehlukwayo,Rohit Sharma,short,Off Stump,Helicopter shot,Long off,,,,
20.4,6,Phehlukwayo,Rohit Sharma,googly,OutsideOff,French cut,Long on,,,,
20.1,2,Phehlukwayo,Rohit Sharma,Full length,Tight line,Slog Sweeps,Straight,,,,
19.5,1,Morris,Rohit Sharma,Good Length, bit of turn ,Hook shot,Straight hit,,,,
19.4,2,Morris,Rohit Sharma,Back of a length,Shorter length,Pull shot,Wide, not allowing the right-hander too much room,,,
19.3,1,Morris,Rohit Sharma, bouncer,Off Stump,Square cut,Square,,,,
19.2,1,Morris,Rohit Sharma,Friendly length,gallop down the pitch,Back defence,Fine,,,,
19.1,2,Morris,Rohit Sharma,Full length,Tight line,Off drive,Square,,,,
18.5,1,Phehlukwayo,Rohit Sharma,Good Length,Off Stump,Straight drive,Thirdman,,,,
18.4,1,Phehlukwayo,Rohit Sharma,Back of a length,Shorter length,On drive,Gully,,,,
17.6,2,Morris,Rohit Sharma,Friendly length,Outside off,Sweep shot,Cover,,,,
17.2,0,Morris,Rohit Sharma,short,Tossed up,Forward defence,point,,,,
16.5,1,Ngidi,Rohit Sharma,googly,Turning outside off,Cut,Mid-off,,,,
16.4,1,Ngidi,Rohit Sharma,Full length,FullToss,Reverse sweep,,,,,
16.3,1,Ngidi,Rohit Sharma,Good Length,Turning outside off,slog and slog sweep,,,,,
16.2,1,Ngidi,Rohit Sharma,Back of a length,Tight line,upper cut,,,,,
16.1,4,Ngidi,Rohit Sharma,Friendly length,Outside off,Switch hit,Square,,,,
15.3,0,Morris,Rohit Sharma,short,Off Stump,Scoop/ramp,Thirdman,,,,
14.5,0,Ngidi,Rohit Sharma,googly,Outside off,Helicopter shot,Gully,,,,
14.3,1,Ngidi,Rohit Sharma,Full length,Tight line,French cut,Cover,,,,
14.2,4,Ngidi,Rohit Sharma,Good Length,A bit of turn again,Hook shot,point,,,,
14.1,W,Ngidi,Rohit Sharma,Back of a length,Another yorker on leg,Pull shot,Mid-off,,,,
13.1,1,Morris,Rohit Sharma, bouncer,A high full toss on middle,Square cut,Mid-on,,,,
12.5,6,Ngidi,Rohit Sharma,Friendly length,Full and straight,Back defence,Deep,,,,
12.4,1,Ngidi,Rohit Sharma,Full length,Full and wide outside off,Off drive,Long off,,,,
12.2,1,Ngidi,Rohit Sharma,Good Length,Full and very wide outside off,Straight drive,Long on,,,,
12.1,1W,Ngidi,Rohit Sharma,Back of a length,Full and wide again,On drive,Straight,,,,
11.3,0,Morris,Rohit Sharma,Friendly length,A thick outside edge races down to the third man boundary. Full and wide,Sweep shot,Straight hit,,,,
11.2,1,Morris,Rohit Sharma,short,Full and straight,Forward defence,Wide,,,,
11.1,4,Morris,Rohit Sharma,googly,Superb yorker,Cut,Square,,,,
10.6,1,Ngidi,Rohit Sharma,Full length,Another low full toss,Reverse sweep,Fine,,,,
10.5,4,Ngidi,Rohit Sharma,Good Length,A low full toss down leg,slog and slog sweep,Square,,,,
10.4,1,Ngidi,Rohit Sharma,googly,Full and very wide outside off,Helicopter shot,point,,,,
10.3,1,Ngidi,Rohit Sharma,Full length,A high full toss on middle,French cut,Mid-off,,,,
10.2,1,Ngidi,Rohit Sharma,Good Length,Full and straight,Smash,down leg,,,,
9.6,0,Rabada,Rohit Sharma,Back of a length,Off Stump,Hook shot,cover,,,,
9.5,1,Rabada,Rohit Sharma, bouncer,Missed Stumping! A massive gallop down the pitch,Pull shot,leg side,,,,
9.4,1,Rabada,Rohit Sharma,Friendly length,Tight line,Square cut,short third man,,,,
9.3,1,Rabada,Rohit Sharma,Full length,A bit of turn ,Back defence,cover,,,,
9.2,1,Rabada,Rohit Sharma,Good Length,Shorter length,Off drive,midwicket,,,,
8.6,0,Morkel,Rohit Sharma,Back of a length,Outside off,Straight drive,down leg,,,,
8.5,1,Morkel,Rohit Sharma,Friendly length,Tossed up,On drive,square leg,,,,
8.4,0,Morkel,Rohit Sharma,short,Turning outside off,Sweep shot,mid-off,,,,
8.4,0,Morkel,Rohit Sharma,googly,FullToss,Forward defence,cover,,,,
8.2,6,Morkel,Rohit Sharma,Full length,FullToss,Cut,Mid-off,,,,
7.6,1,Rabada,Rohit Sharma,Good Length,Banged in short again,Reverse sweep,Mid-on,,,,
7.5,0,Rabada,Rohit Sharma,Back of a length, beats the inside edge,slog and slog sweep,Deep,,,,
7.4,2,Rabada,Rohit Sharma,Friendly length,Off Stump,upper cut,Long off,,,,
7.3,2,Rabada,Rohit Sharma,short,FullToss,Switch hit,Long on,,,,
7.2,0,Rabada,Rohit Sharma,googly,Tight line,Scoop/ramp,Straight,,,,
6.6,1,Morkel,Rohit Sharma,Full length,A bit of turn again and they settle for another single,Helicopter shot,Straight hit,,,,
6.5,1,Morkel,Rohit Sharma,Good Length,Shorter length,French cut,Wide,,,,
5.6,0,Rabada,Rohit Sharma,Back of a length,Outside off,Hook shot,Square,,,,
5.5,1,Rabada,Rohit Sharma, bouncer, outside off,Pull shot,Fine,,,,
5.1,0,Rabada,Rohit Sharma,Friendly length,Shortish on off stump,Square cut,Square,,,,
25.2,1,Morkel,Rohit Sharma,Full length,Tossed up,Back defence,Thirdman,,,,
25.1,0,Morkel,Rohit Sharma,Good Length,Off Stump,Off drive,Gully,,,,
24.3,1,Shamsi,Rohit Sharma,Back of a length,OutsideOff,Straight drive,Cover,,,,
24.2,4,Shamsi,Rohit Sharma,Friendly length,Tight line,On drive,point,,,,
23.3,4,Duminy,Rohit Sharma,short, bit of turn ,Sweep shot,Mid-off,,,,
23.2,0,Duminy,Rohit Sharma,googly,Shorter length,Forward defence,Square,,,,
23.1,0,Duminy,Rohit Sharma,Full length,Off Stump,Cut,Thirdman,,,,
22.3,1,Shamsi,Rohit Sharma,Good Length,gallop down the pitch,Reverse sweep,Gully,,,,
22.2,1lb,Shamsi,Rohit Sharma,Back of a length,Tight line,slog and slog sweep,Cover,,,,
22.1,2,Shamsi,Rohit Sharma,Friendly length,Off Stump,upper cut,point,,,,
21.5,0,Duminy,Rohit Sharma,short,Shorter length,Switch hit,Mid-off,,,,
21.2,2,Duminy,Rohit Sharma,googly,Outside off,Scoop/ramp,Mid-on,,,,
21.1,1w,Duminy,Rohit Sharma,Full length,Tossed up,Helicopter shot,Deep,,,,
20.1,1,Shamsi,Rohit Sharma,Good Length,Turning outside off,French cut,Long off,,,,
19.2,0,Duminy,Rohit Sharma,Back of a length,FullToss,Hook shot,Long on,,,,
19.1,1,Duminy,Rohit Sharma, bouncer,Turning outside off,Pull shot,Straight,,,,
18.3,1,Shamsi,Rohit Sharma,Friendly length,Tight line,Square cut,Straight hit,,,,
18.2,4,Shamsi,Rohit Sharma,Full length,Outside off,Back defence,Wide,,,,
17.5,0,Duminy,Rohit Sharma,Good Length,Off Stump,Off drive,Square,,,,
16.6,1,Ngidi,Rohit Sharma,Back of a length,Outside off,Straight drive,Fine,,,,
15.6,4,Phehlukwayo,Rohit Sharma,Friendly length,Tight line,On drive,Square,,,,
15.5,1,Phehlukwayo,Rohit Sharma,short,A bit of turn again,Sweep shot,Thirdman,,,,
15.4,6,Phehlukwayo,Rohit Sharma,googly,Another yorker on leg,Forward defence,Gully,,,,
15.3,1,Phehlukwayo,Rohit Sharma,Full length,A high full toss on middle,Cut,Cover,,,,
15.2,1,Phehlukwayo,Rohit Sharma,Good Length,Full and straight,Reverse sweep,point,,,,
15.1,1,Phehlukwayo,Rohit Sharma,Back of a length,Full and wide outside off,slog and slog sweep,Mid-off,,,,
14.6,1,Ngidi,Rohit Sharma,Friendly length,Full and very wide outside off,upper cut,Square,,,,
14.5,2,Ngidi,Rohit Sharma,short,Full and wide again,Switch hit,Thirdman,,,,
13.6,0,Phehlukwayo,Rohit Sharma,googly,Full and wide,Scoop/ramp,Gully,,,,
13.5,0,Phehlukwayo,Rohit Sharma,Full length,Full and straight,Helicopter shot,Cover,,,,
13.2,4,Phehlukwayo,Rohit Sharma,Good Length,Superb yorker,French cut,point,,,,
12.6,2,Ngidi,Rohit Sharma,Back of a length,Another low full toss,,Mid-off,,,,
12.5,1,Ngidi,Rohit Sharma, bouncer,A low full toss down leg,,Mid-on,,,,
12.4,1,Ngidi,Rohit Sharma,Friendly length,A high full toss on middle,,Deep,,,,
12.2,4,Ngidi,Rohit Sharma,Full length,Full and straight,Hook shot,Long off,,,,
12.1,1,Ngidi,Rohit Sharma,Good Length,Full and wide outside off,Pull shot,Long on,,,,
11.6,6,Phehlukwayo,Rohit Sharma,googly,down leg,Straight drive,Square,,,,
11.5,0,Phehlukwayo,Rohit Sharma,Full length,cover,On drive,Fine,,,,
11.4,1,Phehlukwayo,Rohit Sharma,Good Length,leg side,Sweep shot,Square,,,,
11.2,1,Phehlukwayo,Rohit Sharma,Back of a length,short third man,Forward defence,Thirdman,,,,
11.1,1,Phehlukwayo,Rohit Sharma,Friendly length,cover,Cut,Gully,,,,
10.6,1,Ngidi,Rohit Sharma,short,midwicket,Reverse sweep,Cover,,,,
10.5,0,Ngidi,Rohit Sharma,googly,down leg,slog and slog sweep,point,,,,
10.1,0,Ngidi,Rohit Sharma,Full length,square leg,upper cut,Mid-off,,,,
9.6,0,Rabada,Rohit Sharma,Good Length,mid-off,Switch hit,,,,,
9.5,0,Rabada,Rohit Sharma,Back of a length,cover,Scoop/ramp,,,,,
9.4,2,Rabada,Rohit Sharma, bouncer,good length outside off,Helicopter shot,Square,,,,
9.3,1,Rabada,Rohit Sharma,Friendly length,Strays well down leg for a wide.,French cut,Thirdman,,,,
9.2,1,Rabada,Rohit Sharma,Full length,Full delivery around off,Hook shot,Gully,,,,
8.6,4,Morkel,Rohit Sharma,Good Length,On a length around off,Pull shot,Cover,,,,
7.6,0,Rabada,Rohit Sharma,Back of a length,Steps down,Square cut,point,,,,
7.5,0,Rabada,Rohit Sharma,Friendly length,Full and wide outside off,Back defence,Mid-off,,,,
7.4,0,Rabada,Rohit Sharma,short,Good length outside off,Off drive,Mid-on,,,,
7.3,0,Rabada,Rohit Sharma,googly,Short and wide outside off,Straight drive,Deep,,,,
32.1,0,Tahir,Rohit Sharma,Full length, outside off,On drive,Long off,,,,
31.5,1,Ngidi,Rohit Sharma,Good Length,Shortish on off stump,Sweep shot,Long on,,,,
31.4,3,Ngidi,Rohit Sharma,Back of a length,Tossed up,Forward defence,Straight,,,,
30.6,0,Tahir,Rohit Sharma,Friendly length,Off Stump,Cut,Straight hit,,,,
30.5,0,Tahir,Rohit Sharma,short,OutsideOff,Reverse sweep,Wide,,,,
30.4,0,Tahir,Rohit Sharma,googly,Tight line,slog and slog sweep,Square,,,,
30.3,4,Tahir,Rohit Sharma,Full length, bit of turn ,upper cut,Fine,,,,
29.5,1,Ngidi,Rohit Sharma,Good Length,Shorter length,Switch hit,Square,,,,
29.4,W,Ngidi,Rohit Sharma,Back of a length,Off Stump,Scoop/ramp,Thirdman,,,,
29.3,6,Ngidi,Rohit Sharma, bouncer,gallop down the pitch,Helicopter shot,Gully,,,,
29.2,1,Ngidi,Rohit Sharma,Friendly length,Tight line,French cut,Cover,,,,
29.1,1,Ngidi,Rohit Sharma,Full length,Off Stump,,point,,,,
28.4,2,Tahir,Rohit Sharma,Good Length,Shorter length,,Mid-off,,,,
28.2,4,Tahir,Rohit Sharma,Back of a length,Outside off,Hook shot,,,,,
26.6,1,Tahir,Rohit Sharma,Friendly length,Off Stump,Pull shot,Square,,,,
25.6,1,Morris,Rohit Sharma,short,Leg Stump,Square cut,Thirdman,,,,
25.5,4,Morris,Rohit Sharma,googly,Middle,Back defence,Gully,,,,
25.4,0,Morris,Rohit Sharma,Full length,outside leg stump,Off drive,Cover,,,,
25.3,4,Morris,Rohit Sharma,Good Length,Outside off Stump,Straight drive,point,,,,
25.2,0,Morris,Rohit Sharma,Back of a length,Outside off,On drive,Mid-off,,,,
25.1,0,Morris,Rohit Sharma,Friendly length,Off Stump,Sweep shot,Mid-on,,,,
24.5,1,Tahir,Rohit Sharma,short,Outside off,Forward defence,Deep,,,,
24.4,4,Tahir,Rohit Sharma,googly,Off Stump,Cut,Long off,,,,
24.3,0,Tahir,Rohit Sharma,Full length,Leg Stump,Reverse sweep,Long on,,,,
24.2,1,Tahir,Rohit Sharma,Good Length,Middle,slog and slog sweep,Straight,,,,
24.1,W,Tahir,Rohit Sharma,Back of a length,outside leg stump,upper cut,Straight hit,,,,
23.6,1,Phehlukwayo,Rohit Sharma, bouncer,Outside off Stump,Switch hit,Wide,,,,
23.5,0,Phehlukwayo,Rohit Sharma,Friendly length,Off Stump,Scoop/ramp,Square,,,,
23.4,2,Phehlukwayo,Rohit Sharma,Full length,Leg Stump,Helicopter shot,Fine,,,,
23.3,1,Phehlukwayo,Rohit Sharma,Good Length,Middle,French cut,Square,,,,
23.2,0,Phehlukwayo,Rohit Sharma,Back of a length,outside leg stump,Driven,Thirdman,,,,
23.1,0,Phehlukwayo,Rohit Sharma,Friendly length,Outside off Stump,Hook shot,Gully,,,,
22.5,0,Tahir,Rohit Sharma,short,Off Stump,Pull shot,Cover,,,,
22.3,0,Tahir,Rohit Sharma,googly,Leg Stump,Square cut,point,,,,
22.2,1,Tahir,Rohit Sharma,Full length,Middle,Back defence,Mid-off,,,,
22.1,4,Tahir,Rohit Sharma,Good Length,outside leg stump,Off drive,Square,,,,
21.4,W,Phehlukwayo,Rohit Sharma,Back of a length,Outside off Stump,Straight drive,Thirdman,,,,
21.3,1,Phehlukwayo,Rohit Sharma,Friendly length,Off Stump,On drive,Gully,,,,
21.2,1,Phehlukwayo,Rohit Sharma,short,Leg Stump,Sweep shot,Cover,,,,
21.1,1,Phehlukwayo,Rohit Sharma,googly,Middle,Forward defence,point,,,,
20.5,1,Tahir,Rohit Sharma,Full length,outside leg stump,Cut,Mid-off,,,,
20.2,1,Tahir,Rohit Sharma,Good Length,Outside off Stump,Reverse sweep,Mid-on,,,,
19.6,0,Phehlukwayo,Rohit Sharma,Back of a length,Off Stump,slog and slog sweep,Deep,,,,
19.5,2,Phehlukwayo,Rohit Sharma, bouncer,Leg Stump,upper cut,Long off,,,,
19.3,0,Phehlukwayo,Rohit Sharma,Friendly length,Middle,Switch hit,Long on,,,,
19.2,2,Phehlukwayo,Rohit Sharma,Full length,outside leg stump,Scoop/ramp,Straight,,,,
19.1,2nb,Phehlukwayo,Rohit Sharma,Good Length,Outside off Stump,Helicopter shot,Straight hit,,,,
18.6,0,Tahir,Rohit Sharma,Back of a length,Off Stump,French cut,Wide,,,,
18.5,4,Tahir,Rohit Sharma,Friendly length,Leg Stump,Hook shot,Square,,,,
17.6,1,Phehlukwayo,Rohit Sharma,short,Middle,Pull shot,Fine,,,,
17.5,1lb,Phehlukwayo,Rohit Sharma,googly,outside leg stump,Square cut,Square,,,,
17.4,0,Phehlukwayo,Rohit Sharma,Full length,Outside off Stump,Back defence,Thirdman,,,,
16.6,1,Morkel,Rohit Sharma,Good Length,Off Stump,Off drive,Gully,,,,
16.5,4,Morkel,Rohit Sharma,Back of a length,Leg Stump,Straight drive,Cover,,,,
16.4,2,Morkel,Rohit Sharma,Friendly length,Middle,On drive,point,,,,
16.3,1,Morkel,Rohit Sharma,short,outside leg stump,Sweep shot,Mid-off,,,,
29.4,1,Moeen Ali,Rohit Sharma,googly,Outside off Stump,Forward defence,,,,,
29.3,1,Moeen Ali,Rohit Sharma,Full length,Off Stump,Cut,,,,,
29.2,2,Moeen Ali,Rohit Sharma,Good Length,Leg Stump,Reverse sweep,Square,,,,
29.1,4,Moeen Ali,Rohit Sharma,Back of a length,Middle,slog and slog sweep,Thirdman,,,,
28.6,1,Rashid,Rohit Sharma, bouncer,outside leg stump,upper cut,Gully,,,,
28.5,4,Rashid,Rohit Sharma,Friendly length,Outside off Stump,Switch hit,Cover,,,,
28.4,1,Rashid,Rohit Sharma,Full length,Off Stump,Scoop/ramp,point,,,,
28.3,1,Rashid,Rohit Sharma,Good Length,Leg Stump,Helicopter shot,Mid-off,,,,
28.2,2,Rashid,Rohit Sharma,Back of a length,Middle,French cut,Mid-on,,,,
28.1,0,Rashid,Rohit Sharma,Friendly length,outside leg stump,Hook shot,Deep,,,,
27.6,1lb,Moeen Ali,Rohit Sharma,short,Outside off Stump,Pull shot,Long off,,,,
27.5,1,Moeen Ali,Rohit Sharma,googly,Tossed up,Square cut,Long on,,,,
27.4,0,Moeen Ali,Rohit Sharma,Full length,Off Stump,Back defence,Straight,,,,
27.3,W,Moeen Ali,Rohit Sharma,Good Length,OutsideOff,Off drive,Straight hit,,,,
27.2,W,Moeen Ali,Rohit Sharma,Back of a length,Off Stump,Straight drive,Wide,,,,
27.1,1,Moeen Ali,Rohit Sharma,Friendly length,Leg Stump,On drive,Square,,,,
26.6,3,Rashid,Rohit Sharma,short,Middle,Sweep shot,Fine,,,,
26.5,1,Rashid,Rohit Sharma,googly,outside leg stump,Forward defence,Square,,,,
26.4,2,Rashid,Rohit Sharma,Full length,Outside off Stump,Cut,Thirdman,,,,
26.3,1,Rashid,Rohit Sharma,Good Length,Off Stump,Reverse sweep,Gully,,,,
26.2,2,Rashid,Rohit Sharma,Back of a length,Leg Stump,slog and slog sweep,Cover,,,,
26.1,1,Rashid,Rohit Sharma, bouncer,Middle,upper cut,point,,,,
25.6,4,Moeen Ali,Rohit Sharma,Friendly length,outside leg stump,Switch hit,Mid-off,,,,
25.5,2,Moeen Ali,Rohit Sharma,Full length,Outside off Stump,Scoop/ramp,,,,,
25.4,4,Moeen Ali,Rohit Sharma,Good Length,Off Stump,Helicopter shot,Square,,,,
25.3,1,Moeen Ali,Rohit Sharma,Back of a length,Leg Stump,French cut,Thirdman,,,,
25.2,1,Moeen Ali,Rohit Sharma,Friendly length,Middle,Hook shot,Gully,,,,
25.1,1,Moeen Ali,Rohit Sharma,short,outside leg stump,Pull shot,Cover,,,,
24.6,1,Rashid,Rohit Sharma,googly,Outside off Stump,Square cut,point,,,,
24.5,4,Rashid,Rohit Sharma,Full length,Off Stump,Back defence,Mid-off,,,,
24.4,1,Rashid,Rohit Sharma,Good Length,Leg Stump,Off drive,Mid-on,,,,
24.3,1,Rashid,Rohit Sharma,Back of a length,Middle,Straight drive,Deep,,,,
24.2,0,Rashid,Rohit Sharma,Friendly length,outside leg stump,On drive,Long off,,,,
24.1,1,Rashid,Rohit Sharma,short,Outside off Stump,Sweep shot,Long on,,,,
23.6,1,Moeen Ali,Rohit Sharma,googly,Off Stump,Forward defence,Straight,,,,
23.5,1,Moeen Ali,Rohit Sharma,Full length,Leg Stump,Cut,Straight hit,,,,
23.4,2,Moeen Ali,Rohit Sharma,Good Length,Middle,Reverse sweep,Wide,,,,
23.3,2,Moeen Ali,Rohit Sharma,Back of a length,outside leg stump,slog and slog sweep,Square,,,,
23.2,1,Moeen Ali,Rohit Sharma, bouncer,Outside off Stump,upper cut,Fine,,,,
23.1,2,Moeen Ali,Rohit Sharma,Friendly length,Off Stump,Switch hit,Square,,,,
22.6,1,Rashid,Rohit Sharma,Full length,Leg Stump,Scoop/ramp,Thirdman,,,,
22.5,2,Rashid,Rohit Sharma,Good Length,Middle,Helicopter shot,Gully,,,,
22.4,1,Rashid,Rohit Sharma,Back of a length,outside leg stump,French cut,Cover,,,,
22.3,1,Rashid,Rohit Sharma,Friendly length,Outside off Stump,Hook shot,point,,,,
22.2,0,Rashid,Rohit Sharma,short,Off Stump,Pull shot,Mid-off,,,,
22.1,4,Rashid,Rohit Sharma,googly,Leg Stump,Square cut,,,,,
21.6,1,Moeen Ali,Rohit Sharma,Full length,Middle,Back defence,Square,,,,
21.5,0,Moeen Ali,Rohit Sharma,Good Length,outside leg stump,Off drive,Thirdman,,,,
21.4,4,Moeen Ali,Rohit Sharma,Back of a length,Outside off Stump,Straight drive,Gully,,,,
21.3,1,Moeen Ali,Rohit Sharma,Friendly length,Off Stump,On drive,Cover,,,,
21.2,0,Moeen Ali,Rohit Sharma,short,Leg Stump,Sweep shot,point,,,,
21.1,0,Moeen Ali,Rohit Sharma,googly,Middle,Forward defence,Mid-off,,,,
20.6,4,Rashid,Rohit Sharma,Full length,outside leg stump,Cut,Mid-on,,,,
20.5,0,Rashid,Rohit Sharma,Good Length,Outside off Stump,Reverse sweep,Deep,,,,
20.4,2,Rashid,Rohit Sharma,Back of a length,Tight line,slog and slog sweep,Long off,,,,
20.3,1,Rashid,Rohit Sharma, bouncer,Off Stump,upper cut,Long on,,,,
20.2,0,Rashid,Rohit Sharma,Friendly length,Leg Stump,Switch hit,Straight,,,,
20.1,0,Rashid,Rohit Sharma,Low full toss,Middle,Scoop/ramp,Straight hit,,,,
19.6,1,Moeen Ali,Rohit Sharma,Full,outside leg stump,Helicopter shot,Wide,,,,
19.5,0,Moeen Ali,Rohit Sharma,Length,Outside off Stump,French cut,Square,,,,
19.4,3,Moeen Ali,Rohit Sharma,Fullish,wide outside off,Hook shot,Fine,,,,
19.3,0,Moeen Ali,Rohit Sharma,Full,middle stump,Pull shot,Square,,,,
19.2,1,Moeen Ali,Rohit Sharma,Full length,outside off,Square cut,Thirdman,,,,
19.1,W,Moeen Ali,Rohit Sharma,Good Length,Off Stump,Back defence,Gully,,,,
18.6,2,Rashid,Rohit Sharma,Back of a length,Leg Stump,Off drive,Cover,,,,
18.5,6,Rashid,Rohit Sharma,Friendly length,Middle,Straight drive,point,,,,
18.4,1,Rashid,Rohit Sharma,short,outside leg stump,On drive,Mid-off,,,,
18.3,0,Rashid,Rohit Sharma,googly,Outside off Stump,Sweep shot,,,,,
18.2,1,Rashid,Rohit Sharma,Full length,Off Stump,Forward defence,Square,,,,
18.1,6,Rashid,Rohit Sharma,Good Length,Leg Stump,Cut,Thirdman,,,,
17.6,1,Moeen Ali,Rohit Sharma,Back of a length,Middle,Reverse sweep,Gully,,,,
17.5,1lb,Moeen Ali,Rohit Sharma,Friendly length,outside leg stump,slog and slog sweep,Cover,,,,
17.4,1,Moeen Ali,Rohit Sharma,short,Outside off Stump,upper cut,point,,,,
17.3,1,Moeen Ali,Rohit Sharma,googly,Off Stump,Switch hit,Mid-off,,,,
17.2,1w,Moeen Ali,Rohit Sharma,Full length,Leg Stump,Scoop/ramp,Mid-on,,,,
17.1,1,Moeen Ali,Rohit Sharma,Good Length,Middle,Helicopter shot,Deep,,,,
16.6,1,Rashid,Rohit Sharma,Back of a length,outside leg stump,French cut,Long off,,,,
16.5,4,Rashid,Rohit Sharma, bouncer,Outside off Stump,Hook shot,Long on,,,,
16.4,4,Rashid,Rohit Sharma,Friendly length,Off Stump,Pull shot,Straight,,,,
16.3,1w,Rashid,Rohit Sharma,Slower delivery,Leg Stump,Square cut,Straight hit,,,,
16.2,0,Rashid,Rohit Sharma,Full length,Middle,Back defence,Wide,,,,
16.1,1,Rashid,Rohit Sharma,Good Length,outside leg stump,Off drive,Square,,,,
15.6,1,Moeen Ali,Rohit Sharma,Back of a length,Outside off Stump,Straight drive,Fine,,,,
15.5,4,Moeen Ali,Rohit Sharma,Friendly length,Off Stump,On drive,Square,,,,
15.4,1,Moeen Ali,Rohit Sharma,short,Leg Stump,Sweep shot,Thirdman,,,,
15.3,0,Moeen Ali,Rohit Sharma,googly,Middle,Forward defence,Gully,,,,
15.2,1,Moeen Ali,Rohit Sharma,Full length,outside leg stump,Cut,Cover,,,,
15.1,1,Moeen Ali,Rohit Sharma,Good Length,Outside off Stump,Reverse sweep,point,,,,
14.6,2lb,Rashid,Rohit Sharma,Back of a length,Off Stump,slog and slog sweep,Mid-off,,,,
14.5,6,Rashid,Rohit Sharma,Friendly length,Leg Stump,upper cut,,,,,
14.4,1,Rashid,Rohit Sharma,short,Middle,Switch hit,,,,,
14.3,1w,Rashid,Rohit Sharma,googly,outside leg stump,Scoop/ramp,Square,,,,
14.2,1,Rashid,Rohit Sharma,Full length,Outside off Stump,Helicopter shot,Thirdman,,,,
14.1,2,Rashid,Rohit Sharma,Good Length,Off Stump,French cut,Gully,,,,
13.6,1,Moeen Ali,Rohit Sharma,Back of a length,Leg Stump,Hook shot,Cover,,,,
13.5,0,Moeen Ali,Rohit Sharma, bouncer,Middle,Pull shot,point,,,,
13.4,1,Moeen Ali,Rohit Sharma,Friendly length,outside leg stump,Square cut,Mid-off,,,,
13.3,1,Moeen Ali,Rohit Sharma,Low full toss,Outside off Stump,Back defence,Mid-on,,,,
13.2,4,Moeen Ali,Rohit Sharma,Low full toss,Off Stump,Off drive,Deep,,,,
13.1,2,Moeen Ali,Rohit Sharma,Full,Leg Stump,Straight drive,Long off,,,,
12.6,1,Rashid,Rohit Sharma,Length,Middle,On drive,Long on,,,,
16.2,0,Rashid,Rohit Sharma,Fullish,outside leg stump,Sweep shot,Straight,,,,
16.1,0,Rashid,Rohit Sharma,Full,Outside off Stump,Forward defence,Straight hit,,,,
15.6,0,Stokes,Rohit Sharma,Full length,Off Stump,Cut,Wide,,,,
15.5,0,Stokes,Rohit Sharma,Good Length,Leg Stump,Reverse sweep,Square,,,,
15.4,1w,Stokes,Rohit Sharma,Back of a length,Middle,slog and slog sweep,Fine,,,,
15.3,1w,Stokes,Rohit Sharma,Friendly length,outside leg stump,upper cut,Square,,,,
15.2,1,Stokes,Rohit Sharma,short,Outside off Stump,Switch hit,Thirdman,,,,
15.1,4,Stokes,Rohit Sharma,googly,Off Stump,Scoop/ramp,Gully,,,,
14.6,0,Rashid,Rohit Sharma,Full length,Leg Stump,Helicopter shot,Cover,,,,
14.5,1,Rashid,Rohit Sharma,Good Length,Middle,French cut,point,,,,
14.4,0,Rashid,Rohit Sharma,Back of a length,outside leg stump,Hook shot,Mid-off,,,,
14.3,1,Rashid,Rohit Sharma,Friendly length,Outside off Stump,Pull shot,-,,,,
14.2,Wheal,Rashid,Rohit Sharma,short,Off Stump,Square cut,-,,,,
14.1,W,Rashid,Rohit Sharma,googly,Leg Stump,Back defence,-,,,,
13.6,0,Stokes,Rohit Sharma,Full length,Middle,Off drive,-,,,,
13.5,4,Stokes,Rohit Sharma,Good Length,outside leg stump,Straight drive,-,,,,
13.4,0,Stokes,Rohit Sharma,Back of a length,Outside off Stump,On drive,-,,,,
13.3,1,Stokes,Rohit Sharma, bouncer,Off Stump,Sweep shot,Sweeper cover,,,,
13.2,1lb,Stokes,Rohit Sharma,Friendly length,Leg Stump,Forward defence,Sweeper cover,,,,
13.1,1,Stokes,Rohit Sharma,Slower delivery,Middle,Cut,,,,,
12.6,0,Rashid,Rohit Sharma,Full length,outside leg stump,Reverse sweep,Sweeper cover,,,,
12.5,1,Rashid,Rohit Sharma,Good Length,Outside off Stump,slog and slog sweep,Cow corner region,,,,
12.4,0,Rashid,Rohit Sharma,Back of a length,Off Stump,upper cut,-,,,,
12.3,W,Rashid,Rohit Sharma,Friendly length,Leg Stump,Switch hit,Sweeper cover,,,,
12.2,1,Rashid,Rohit Sharma,short,Middle,Scoop/ramp,-,,,,
12.1,1w,Rashid,Rohit Sharma,googly,outside leg stump,Helicopter shot,-,,,,
11.6,0,Stokes,Rohit Sharma,Full length,Outside off Stump,French cut,-,,,,
11.5,W,Stokes,Rohit Sharma,Good Length,Off Stump,Hook shot,-,,,,
11.4,0,Stokes,Rohit Sharma,Back of a length,Leg Stump,Pull shot,-,,,,
11.3,1,Stokes,Rohit Sharma,Friendly length,Middle,Square cut,-,,,,
11.2,1,Stokes,Rohit Sharma,short,outside leg stump,Back defence,Long-off,,,,
11.1,1,Stokes,Rohit Sharma,googly,Outside off Stump,Off drive,Legside,,,,
10.6,0,Rashid,Rohit Sharma,Full length,Off Stump,Straight drive,-,,,,
10.5,1,Rashid,Rohit Sharma,Good Length,Leg Stump,On drive,-,,,,
10.4,0,Rashid,Rohit Sharma,Back of a length,Middle,Sweep shot,-,,,,
10.3,1,Rashid,Rohit Sharma, bouncer,outside leg stump,Forward defence,Short third,,,,
10.2,1,Rashid,Rohit Sharma,Friendly length,Outside off Stump,Cut,Mid-off and mid-on,,,,
10.1,1w,Rashid,Rohit Sharma,Full length,Off Stump,Reverse sweep,-,,,,
9.6,0,Stokes,Rohit Sharma,Good Length,Leg Stump,slog and slog sweep,-,,,,
9.5,4,Stokes,Rohit Sharma,Back of a length,Middle,upper cut,Onside,,,,
9.4,0,Stokes,Rohit Sharma,Friendly length,outside leg stump,Switch hit,-,,,,
9.3,1,Stokes,Rohit Sharma,short,Outside off Stump,Scoop/ramp,-,,,,
9.2,4,Stokes,Rohit Sharma,googly,Off Stump,Helicopter shot,-,,,,
9.1,0,Stokes,Rohit Sharma,Full length,Leg Stump,French cut,Third man,,,,
8.6,0,Rashid,Rohit Sharma,Good Length,Middle,Hook shot,-,,,,
8.5,1,Rashid,Rohit Sharma,Back of a length,outside leg stump,Pull shot,-,,,,
8.4,0,Rashid,Rohit Sharma,Friendly length,Outside off Stump,Square cut,Long-on,,,,
8.3,0,Rashid,Rohit Sharma,short,Off Stump,Back defence,Cow corner region,,,,
8.2,0,Rashid,Rohit Sharma,googly,Leg Stump,Off drive,-,,,,
8.1,1,Rashid,Rohit Sharma,Full length,Middle,Straight drive,Sweeper cover,,,,
7.6,1,Stokes,Rohit Sharma,Good Length,outside leg stump,On drive,-,,,,
7.5,0,Stokes,Rohit Sharma,Back of a length,Outside off Stump,Sweep shot,-,,,,
7.4,1,Stokes,Rohit Sharma, bouncer,Off Stump,Forward defence,-,,,,
7.3,W,Stokes,Rohit Sharma,Friendly length,Leg Stump,Cut,-,,,,
7.2,0,Stokes,Rohit Sharma,Full length,Middle,Reverse sweep,-,,,,
7.1,1,Stokes,Rohit Sharma,Good Length,outside leg stump,slog and slog sweep,-,,,,
6.6,1,Rashid,Rohit Sharma,Back of a length,Outside off Stump,upper cut,Long-off,,,,
6.5,1,Rashid,Rohit Sharma,Friendly length,Off Stump,Switch hit,Legside,,,,
6.4,0,Rashid,Rohit Sharma,short,Leg Stump,Scoop/ramp,-,,,,
6.3,1,Rashid,Rohit Sharma,googly,Middle,Helicopter shot,-,,,,
6.2,0,Rashid,Rohit Sharma,Full length,outside leg stump,French cut,-,,,,
6.1,1,Rashid,Rohit Sharma,Good Length,Outside off Stump,Hook shot,Short third,,,,
5.6,1,Stokes,Rohit Sharma,Back of a length,Off Stump,Pull shot,Mid-off and mid-on,,,,
5.5,1w,Stokes,Rohit Sharma,Friendly length,Leg Stump,Square cut,-,,,,
5.4,0,Stokes,Rohit Sharma,short,Middle,Back defence,-,,,,
5.3,4,Stokes,Rohit Sharma,googly,outside leg stump,Off drive,Onside,,,,
5.2,0,Stokes,Rohit Sharma,Full length,Outside off Stump,Straight drive,-,,,,
5.1,1,Stokes,Rohit Sharma,Good Length,Off Stump,On drive,-,,,,
4.6,4,Rashid,Rohit Sharma,Back of a length,Leg Stump,Sweep shot,-,,,,
4.5,0,Rashid,Rohit Sharma, bouncer,Middle,Forward defence,Third man,,,,
4.4,0,Rashid,Rohit Sharma,Friendly length,outside leg stump,Cut,-,,,,
4.3,1,Rashid,Rohit Sharma,Full length,Outside off Stump,Reverse sweep,-,,,,
4.2,0,Rashid,Rohit Sharma,Good Length,Off Stump,slog and slog sweep,Long-on,,,,
4.1,0,Rashid,Rohit Sharma,Back of a length,Leg Stump,upper cut,Single,,,,
3.6,0,Stokes,Rohit Sharma,Friendly length,Middle,Switch hit,Covers,,,,
3.5,1,Stokes,Rohit Sharma,short,outside leg stump,Scoop/ramp,Midwicket,,,,
3.4,1,Stokes,Rohit Sharma,googly,Outside off Stump,Helicopter shot,-,,,,
3.3,0,Stokes,Rohit Sharma,Full length,Off Stump,French cut,-,,,,
3.2,1,Stokes,Rohit Sharma,Good Length,Leg Stump,Hook shot,Cover,,,,
3.1,1,Stokes,Rohit Sharma,Back of a length,Middle,Pull shot,Long On,,,,
2.6,4,Rashid,Rohit Sharma,Friendly length,outside leg stump,Square cut,-,,,,
2.5,1,Rashid,Rohit Sharma,short,Outside off Stump,Back defence,Off Side,,,,
2.4,0,Rashid,Rohit Sharma,googly,Off Stump,Off drive,Long Off,,,,
2.3,0,Rashid,Rohit Sharma,Full length,Leg Stump,Straight drive,,,,,
2.2,0,Rashid,Rohit Sharma,Good Length,Middle,On drive,Square,,,,
2.1,1,Rashid,Rohit Sharma,Back of a length,outside leg stump,Sweep shot,Thirdman,,,,
1.6,W,Stokes,Rohit Sharma, bouncer,Outside off Stump,Forward defence,Gully,,,,
1.5,0,Stokes,Rohit Sharma,Friendly length,Off Stump,Cut,Cover,,,,
1.4,W,Stokes,Rohit Sharma,Full length,Leg Stump,Reverse sweep,point,,,,
1.3,1,Stokes,Rohit Sharma,Good Length,Middle,slog and slog sweep,Mid-off,,,,
1.2,1w,Stokes,Rohit Sharma,Back of a length,outside leg stump,upper cut,Mid-on,,,,
1.1,6,Stokes,Rohit Sharma,Friendly length,Outside off Stump,Switch hit,Deep,,,,
18.6,1,Rashid,Rohit Sharma,short,Off Stump,Scoop/ramp,Long off,,,,
18.5,1,Rashid,Rohit Sharma,googly,Leg Stump,Helicopter shot,Long on,,,,
18.4,1,Rashid,Rohit Sharma,Full length,Middle,French cut,Straight,,,,
18.3,2,Rashid,Rohit Sharma,Good Length,outside leg stump,Hook shot,Straight hit,,,,
18.2,1,Rashid,Rohit Sharma,Back of a length,Outside off Stump,Pull shot,Wide,,,,
18.1,1,Rashid,Rohit Sharma,Friendly length,Off Stump,Square cut,Square,,,,
17.6,4,Stokes,Rohit Sharma,short,Leg Stump,Back defence,Fine,,,,
17.5,4,Stokes,Rohit Sharma,googly,Middle,Off drive,Square,,,,
17.4,6,Stokes,Rohit Sharma,Full length,outside leg stump,Straight drive,Thirdman,,,,
17.3,1,Stokes,Rohit Sharma,Good Length,Outside off Stump,On drive,Gully,,,,
17.2,1w,Stokes,Rohit Sharma,Back of a length,Off Stump,Sweep shot,Cover,,,,
17.1,6,Stokes,Rohit Sharma, bouncer,Leg Stump,Forward defence,point,,,,
16.6,1,Rashid,Rohit Sharma,Friendly length,Middle,Cut,Mid-off,,,,
16.5,1,Rashid,Rohit Sharma,Full length,outside leg stump,Reverse sweep,,,,,
16.4,1,Rashid,Rohit Sharma,Good Length,Outside off Stump,slog and slog sweep,,,,,
16.3,2,Rashid,Rohit Sharma,Back of a length,Tight line,upper cut,Long Off,,,,
16.2,1,Rashid,Rohit Sharma,Friendly length,Off Stump,Switch hit,Cover,,,,
16.1,1,Rashid,Rohit Sharma,short,Leg Stump,Scoop/ramp,Off Side,,,,
15.6,4,Plunkett,Rohit Sharma,googly,Middle,Helicopter shot,Point,,,,
15.5,4,Plunkett,Rohit Sharma,Full length,outside leg stump,French cut,Long Off,,,,
15.4,6,Plunkett,Rohit Sharma,Good Length,Outside off Stump,Hook shot,Short Third Man,,,,
15.3,1,Plunkett,Rohit Sharma,Back of a length,Off Stump,Pull shot,Backward Point,,,,
15.2,1,Plunkett,Rohit Sharma,Friendly length,Leg Stump,Square cut,,,,,
15.1,1,Plunkett,Rohit Sharma,short,Middle,Back defence,Long Off,,,,
14.6,0,Rashid,Rohit Sharma,googly,outside leg stump,Off drive,,,,,
14.5,1,Rashid,Rohit Sharma,Full length,Outside off Stump,Straight drive,,,,,
14.4,1,Rashid,Rohit Sharma,Good Length,Off Stump,On drive,,,,,
14.3,0,Rashid,Rohit Sharma,Back of a length,Leg Stump,Sweep shot,Fine Leg,,,,
14.2,1,Rashid,Rohit Sharma, bouncer,Middle,Forward defence,,,,,
14.1,4,Rashid,Rohit Sharma,Friendly length,outside leg stump,Cut,Square,,,,
13.6,1,Stokes,Rohit Sharma,Full length,Outside off Stump,Reverse sweep,Thirdman,,,,
13.5,1,Stokes,Rohit Sharma,Good Length,Off Stump,slog and slog sweep,Gully,,,,
13.4,4,Stokes,Rohit Sharma,Back of a length,Leg Stump,upper cut,Cover,,,,
13.3,4,Stokes,Rohit Sharma,Friendly length,Middle,Switch hit,point,,,,
13.2,1,Stokes,Rohit Sharma,short,outside leg stump,Scoop/ramp,Mid-off,,,,
13.1,1w,Stokes,Rohit Sharma,googly,Outside off Stump,Helicopter shot,Mid-on,,,,
12.6,6,Rashid,Rohit Sharma,Full length,Off Stump,French cut,Deep,,,,
12.5,1,Rashid,Rohit Sharma,Good Length,Leg Stump,Hook shot,Long off,,,,
12.4,1,Rashid,Rohit Sharma,Back of a length,Middle,Pull shot,Long on,,,,
12.3,1,Rashid,Rohit Sharma,Friendly length,outside leg stump,Square cut,Straight,,,,
12.2,2,Rashid,Rohit Sharma,short,Outside off Stump,Back defence,Straight hit,,,,
12.1,1,Rashid,Rohit Sharma,googly,Off Stump,Off drive,Wide,,,,
11.6,1,Stokes,Rohit Sharma,Full length,Leg Stump,Straight drive,Square,,,,
11.5,4,Stokes,Rohit Sharma,Good Length,Middle,On drive,Fine,,,,
11.4,4,Stokes,Rohit Sharma,Back of a length,outside leg stump,Sweep shot,Square,,,,
11.3,6,Stokes,Rohit Sharma, bouncer,Outside off Stump,Forward defence,Thirdman,,,,
11.2,1,Stokes,Rohit Sharma,Friendly length,Off Stump,Cut,Gully,,,,
11.1,1,Stokes,Rohit Sharma,Full length,Leg Stump,Reverse sweep,Cover,,,,
10.6,1,Rashid,Rohit Sharma,Good Length,Middle,slog and slog sweep,point,,,,
10.5,0,Rashid,Rohit Sharma,Back of a length,outside leg stump,upper cut,Mid-off,,,,
10.4,1,Rashid,Rohit Sharma,Friendly length,Outside off Stump,Switch hit,,,,,
10.3,1,Rashid,Rohit Sharma,short,Off Stump,Scoop/ramp,Square,,,,
10.2,0,Rashid,Rohit Sharma,googly,Leg Stump,Helicopter shot,Thirdman,,,,
10.1,1,Rashid,Rohit Sharma,Full length,Middle,French cut,Gully,,,,
9.6,4,Stokes,Rohit Sharma,Good Length,outside leg stump,Hook shot,Cover,,,,
9.5,1,Stokes,Rohit Sharma,Back of a length,Outside off Stump,Pull shot,point,,,,
9.4,1,Stokes,Rohit Sharma,Friendly length,Off Stump,Square cut,Mid-off,,,,
9.3,4,Stokes,Rohit Sharma,short,Leg Stump,Back defence,Mid-on,,,,
9.2,4,Stokes,Rohit Sharma,googly,Middle,Off drive,Deep,,,,
9.1,0,Stokes,Rohit Sharma,Full length,outside leg stump,Straight drive,Long off,,,,
8.6,1,Rashid,Rohit Sharma,Good Length,Outside off Stump,On drive,Long on,,,,
8.5,1,Rashid,Rohit Sharma,Back of a length,Off Stump,Sweep shot,Straight,,,,
8.4,1,Rashid,Rohit Sharma, bouncer,Leg Stump,Forward defence,Straight hit,,,,
8.3,0,Rashid,Rohit Sharma,Friendly length,Middle,Cut,Wide,,,,
8.2,0,Rashid,Rohit Sharma,Full length,outside leg stump,Reverse sweep,Square,,,,
8.1,1,Rashid,Rohit Sharma,Good Length,Outside off Stump,slog and slog sweep,Fine,,,,
7.6,0,Stokes,Rohit Sharma,Back of a length,Off Stump,upper cut,Square,,,,
7.5,1,Stokes,Rohit Sharma,Friendly length,Leg Stump,Switch hit,Thirdman,,,,
7.4,0,Stokes,Rohit Sharma,short,Middle,Scoop/ramp,Gully,,,,
7.3,1,Stokes,Rohit Sharma,googly,outside leg stump,Helicopter shot,Cover,,,,
7.2,0,Stokes,Rohit Sharma,Full length,Outside off Stump,French cut,point,,,,
7.1,2,Stokes,Rohit Sharma,Good Length,Off Stump,Hook shot,Mid-off,,,,
6.6,4,Rashid,Rohit Sharma,Back of a length,Leg Stump,Pull shot,Square,,,,
6.5,4,Rashid,Rohit Sharma,Friendly length,Middle,Square cut,Thirdman,,,,
6.4,0,Rashid,Rohit Sharma,short,outside leg stump,Back defence,Gully,,,,
6.3,1,Rashid,Rohit Sharma,googly,Outside off Stump,Off drive,Cover,,,,
6.2,0,Rashid,Rohit Sharma,Full length,Off Stump,Straight drive,point,,,,
6.1,0,Rashid,Rohit Sharma,Good Length,Leg Stump,On drive,Mid-off,,,,
5.6,1,Stokes,Rohit Sharma,Back of a length,Middle,Sweep shot,Mid-on,,,,
5.5,4,Stokes,Rohit Sharma, bouncer,outside leg stump,Forward defence,Deep,,,,
5.4,0,Stokes,Rohit Sharma,Friendly length,Outside off Stump,Cut,Long off,,,,
5.3,1w,Stokes,Rohit Sharma,Full length,Off Stump,Reverse sweep,Long on,,,,
5.2,1,Stokes,Rohit Sharma,Good Length,Leg Stump,slog and slog sweep,Straight,,,,
5.1,0,Stokes,Rohit Sharma,Back of a length,Middle,upper cut,Straight hit,,,,
4.6,1,Rashid,Rohit Sharma,Friendly length,outside leg stump,Switch hit,Wide,,,,
4.5,4,Rashid,Rohit Sharma,short,Outside off Stump,Scoop/ramp,Square,,,,
4.4,2,Rashid,Rohit Sharma,googly,Off Stump,Helicopter shot,Fine,,,,
4.3,0,Rashid,Rohit Sharma,Full length,Leg Stump,French cut,Square,,,,
4.2,1,Rashid,Rohit Sharma,Good Length,Middle,Hook shot,Thirdman,,,,
4.1,0,Rashid,Rohit Sharma,Back of a length,outside leg stump,Pull shot,Gully,,,,
3.6,0,Stokes,Rohit Sharma,Friendly length,Outside off Stump,Square cut,Cover,,,,
3.5,1,Stokes,Rohit Sharma,short,Flat-batted shot,Back defence,point,,,,
3.4,1w,Stokes,Rohit Sharma,googly,Off Stump,Off drive,Mid-off,,,,
3.3,6,Stokes,Rohit Sharma,Full length,Leg Stump,Straight drive,,,,,
3.2,1,Stokes,Rohit Sharma,Good Length,Middle,On drive,,,,,
3.1,1,Stokes,Rohit Sharma,Back of a length,outside leg stump,Sweep shot,,,,,
2.6,1,Rashid,Rohit Sharma, bouncer,Outside off Stump,Forward defence,,,,,
2.5,2,Rashid,Rohit Sharma,Friendly length,Outside off,Cut,Long Off,,,,
2.4,1,Rashid,Rohit Sharma,Full length,Middle,Reverse sweep,Cover,,,,
2.3,1,Rashid,Rohit Sharma,Good Length,Yorker,slog and slog sweep,Off Side,,,,
2.2,4,Rashid,Rohit Sharma,Back of a length,outside leg stump,upper cut,Point,,,,
2.1,4,Rashid,Rohit Sharma,Friendly length,Outside off Stump,Switch hit,Long Off,,,,
1.6,6,Stokes,Rohit Sharma,short,Off Stump,Scoop/ramp,Short Third Man,,,,
1.5,1,Stokes,Rohit Sharma,googly,Leg Stump,Helicopter shot,Backward Point,,,,
1.4,1,Stokes,Rohit Sharma,Full length,Middle,French cut,,,,,
1.3,1,Stokes,Rohit Sharma,Good Length,outside leg stump,Hook shot,Cover,,,,
1.2,0,Stokes,Rohit Sharma,Back of a length,Outside off Stump,Pull shot,,,,,
1.1,1,Stokes,Rohit Sharma,Friendly length,Off Stump,Square cut,,,,,
26.1,1,Rashid,Rohit Sharma,short,Leg Stump,Back defence,,,,,
,0,,Rohit Sharma,googly,Middle,Off drive,Fine Leg,,,,
25.6,1,Moeen Ali,Rohit Sharma,Full length,outside leg stump,Straight drive,Square,,,,
25.5,4,Moeen Ali,Rohit Sharma,Good Length,Outside off Stump,On drive,Thirdman,,,,
25.4,1,Moeen Ali,Rohit Sharma,Back of a length,Off Stump,Sweep shot,Gully,,,,
25.3,1,Moeen Ali,Rohit Sharma, bouncer,Leg Stump,Forward defence,Cover,,,,
25.2,4,Moeen Ali,Rohit Sharma,Friendly length,Middle,Cut,point,,,,
25.1,4,Moeen Ali,Rohit Sharma,Full length,outside leg stump,Reverse sweep,Mid-off,,,,
24.6,0,Rashid,Rohit Sharma,Good Length,Outside off Stump,slog and slog sweep,Mid-on,,,,
24.5,1,Rashid,Rohit Sharma,Back of a length,Off Stump,upper cut,Deep,,,,
24.4,1,Rashid,Rohit Sharma,Friendly length,Leg Stump,Switch hit,Long off,,,,
24.3,1,Rashid,Rohit Sharma,short,Middle,Scoop/ramp,Long on,,,,
24.2,0,Rashid,Rohit Sharma,googly,outside leg stump,Helicopter shot,Straight,,,,
24.1,0,Rashid,Rohit Sharma,Full length,Outside off Stump,French cut,Straight hit,,,,
23.6,1,Moeen Ali,Rohit Sharma,Good Length,Off Stump,Hook shot,Wide,,,,
23.5,0,Moeen Ali,Rohit Sharma,Back of a length,Leg Stump,Pull shot,Square,,,,
23.4,1,Moeen Ali,Rohit Sharma,Friendly length,Middle,Square cut,Fine,,,,
23.3,0,Moeen Ali,Rohit Sharma,short,outside leg stump,Back defence,Square,,,,
23.2,1,Moeen Ali,Rohit Sharma,googly,Outside off Stump,Off drive,Thirdman,,,,
23.1,0,Moeen Ali,Rohit Sharma,Full length,Off Stump,Straight drive,Gully,,,,
22.6,1,Rashid,Rohit Sharma,Good Length,Leg Stump,On drive,Cover,,,,
22.5,1,Rashid,Rohit Sharma,Back of a length,Middle,Sweep shot,point,,,,
22.4,0,Rashid,Rohit Sharma, bouncer,outside leg stump,Forward defence,Mid-off,,,,
22.3,0,Rashid,Rohit Sharma,Friendly length,Outside off Stump,Cut,Square,,,,
22.2,1,Rashid,Rohit Sharma,Yorker length,Off Stump,Reverse sweep,Thirdman,,,,
22.1,4,Rashid,Rohit Sharma,Yorker length,Leg Stump,slog and slog sweep,Gully,,,,
21.6,4,Moeen Ali,Rohit Sharma,Full length,Middle,upper cut,Cover,,,,
21.5,4,Moeen Ali,Rohit Sharma,Good Length,outside leg stump,Switch hit,point,,,,
21.4,1,Moeen Ali,Rohit Sharma,Back of a length,Outside off Stump,Scoop/ramp,Mid-off,,,,
21.3,1,Moeen Ali,Rohit Sharma,Friendly length,Off Stump,Helicopter shot,Mid-on,,,,
21.2,4,Moeen Ali,Rohit Sharma,short,Leg Stump,French cut,Deep,,,,
21.1,1,Moeen Ali,Rohit Sharma,googly,Middle,Hook shot,Long off,,,,
20.6,0,Rashid,Rohit Sharma,Full length,outside leg stump,Pull shot,Long on,,,,
20.5,1,Rashid,Rohit Sharma,Good Length,Outside off Stump,Square cut,Straight,,,,
20.4,0,Rashid,Rohit Sharma,Back of a length,Off Stump,Back defence,Straight hit,,,,
20.3,1,Rashid,Rohit Sharma,Friendly length,Leg Stump,Off drive,Wide,,,,
20.2,1,Rashid,Rohit Sharma,short,Middle,,,,,,
20.1,4,Rashid,Rohit Sharma,googly,outside leg stump,On drive,Fine,,,,
19.6,2,Moeen Ali,Rohit Sharma,Full length,Outside off Stump,Sweep shot,Square,,,,
19.5,6,Moeen Ali,Rohit Sharma,Good Length,Off Stump,Forward defence,Thirdman,,,,
19.4,1,Moeen Ali,Rohit Sharma,Back of a length,Leg Stump,Cut,Gully,,,,
19.3,2,Moeen Ali,Rohit Sharma, bouncer,Middle,Reverse sweep,Cover,,,,
19.2,W,Moeen Ali,Rohit Sharma,Friendly length,outside leg stump,slog and slog sweep,point,,,,
19.1,6,Moeen Ali,Rohit Sharma,Full length,Outside off Stump,upper cut,Mid-off,,,,
9.3,1,Willey,Rohit Sharma,Good Length,Off Stump,Switch hit,,,,,
9.2,1,Willey,Rohit Sharma,Back of a length,Outside off Stump,Scoop/ramp,Square,,,,
9.1,1,Willey,Rohit Sharma,Friendly length,Off Stump,Helicopter shot,Thirdman,,,,
8.6,0,Plunkett,Rohit Sharma,short,Leg Stump,French cut,Gully,,,,
8.5,1,Plunkett,Rohit Sharma,googly,Middle,Hook shot,Cover,,,,
8.4,1,Plunkett,Rohit Sharma,Full length,outside leg stump,Pull shot,point,,,,
8.3,1,Plunkett,Rohit Sharma,Good Length,Outside off Stump,Square cut,Mid-off,,,,
8.2,1,Plunkett,Rohit Sharma,Back of a length,Off Stump,Back defence,Mid-on,,,,
8.1,1,Plunkett,Rohit Sharma,Friendly length,Leg Stump,Off drive,Deep,,,,
7.6,0,Willey,Rohit Sharma,short,Middle,Straight drive,Long off,,,,
7.5,4,Willey,Rohit Sharma,googly,outside leg stump,On drive,Long on,,,,
7.4,1,Willey,Rohit Sharma,Full length,Outside off Stump,Sweep shot,Straight,,,,
7.3,0,Willey,Rohit Sharma,Good Length,Off Stump,Forward defence,Straight hit,,,,
7.2,1w,Willey,Rohit Sharma,Back of a length,Leg Stump,Cut,Wide,,,,
7.1,0,Willey,Rohit Sharma, bouncer,Middle,Reverse sweep,Square,,,,
6.6,1w,Plunkett,Rohit Sharma,Friendly length,outside leg stump,slog and slog sweep,Fine,,,,
6.5,0,Plunkett,Rohit Sharma,Full length,Outside off Stump,upper cut,Square,,,,
6.4,1,Plunkett,Rohit Sharma,Good Length,Off Stump,Switch hit,Thirdman,,,,
6.3,4,Plunkett,Rohit Sharma,Back of a length,Leg Stump,Scoop/ramp,Gully,,,,
6.2,1,Plunkett,Rohit Sharma,Friendly length,Middle,Helicopter shot,Cover,,,,
6.1,0,Plunkett,Rohit Sharma,short,outside leg stump,French cut,point,,,,
5.6,1,Willey,Rohit Sharma,googly,Outside off Stump,Hook shot,Mid-off,,,,
5.5,1,Willey,Rohit Sharma,Full length,Off Stump,Pull shot,Short Cover,,,,
5.4,1,Willey,Rohit Sharma,Good Length,Leg Stump,Square cut,Wide Long-On,,,,
5.3,1,Willey,Rohit Sharma,Back of a length,Middle,Back defence,,,,,
5.2,0,Willey,Rohit Sharma,Friendly length,outside leg stump,Off drive,Overthrow,,,,
5.1,0,Willey,Rohit Sharma,short,Outside off Stump,Straight drive,Deep Midwicket,,,,
4.6,0,Plunkett,Rohit Sharma,googly,Off Stump,On drive,Deep Cover,,,,
4.5,0,Plunkett,Rohit Sharma,Full length,Leg Stump,Sweep shot,,,,,
4.4,2,Plunkett,Rohit Sharma,Good Length,Middle,Forward defence,,,,,
4.3,1,Plunkett,Rohit Sharma,Back of a length,outside leg stump,Cut,,,,,
4.2,2,Plunkett,Rohit Sharma, bouncer,Outside off Stump,Reverse sweep,,,,,
4.1,2,Plunkett,Rohit Sharma,Friendly length,Off Stump,slog and slog sweep,,,,,
3.6,1,Willey,Rohit Sharma,Full length,Outside off,upper cut,,,,,
3.5,1,Willey,Rohit Sharma,Good Length,Off Stump,Switch hit,,,,,
3.4,0,Willey,Rohit Sharma,Back of a length,Outside off,Scoop/ramp,Short Cover,,,,
3.3,1,Willey,Rohit Sharma,Friendly length,Tight line,Helicopter shot,,,,,
3.2,1,Willey,Rohit Sharma,short,FullToss,French cut,Short Cover,,,,
3.1,1,Willey,Rohit Sharma,googly,outside leg stump,Hook shot,,,,,
2.6,1,Plunkett,Rohit Sharma,Full length,Outside off Stump,Pull shot,,,,,
2.5,0,Plunkett,Rohit Sharma,Good Length,Off Stump,Square cut,Short Cover,,,,
2.4,0,Plunkett,Rohit Sharma,Back of a length,Leg Stump,Back defence,Square Leg,,,,
2.3,0,Plunkett,Rohit Sharma,Friendly length,Middle,Off drive,Deep Cover,,,,
2.2,0,Plunkett,Rohit Sharma,short,outside leg stump,Straight drive,,,,,
2.1,2,Plunkett,Rohit Sharma,googly,Outside off Stump,On drive,,,,,
1.6,1,Willey,Rohit Sharma,Full length,Off Stump,Sweep shot,,,,,
1.5,2,Willey,Rohit Sharma,Good Length,Leg Stump,Forward defence,Square Leg,,,,
1.4,2,Willey,Rohit Sharma,Back of a length,Middle,Cut,,,,,
1.3,1,Willey,Rohit Sharma, bouncer,outside leg stump,Reverse sweep,Short Cover,,,,
1.2,1,Willey,Rohit Sharma,Friendly length,Outside off Stump,slog and slog sweep,Leg,,,,
1.1,4,Willey,Rohit Sharma,Full length,Off Stump,upper cut,Square Leg,,,,
0.6,1,Plunkett,Rohit Sharma,Good Length,Leg Stump,Switch hit,Out of the way,,,,
0.5,2,Plunkett,Rohit Sharma,Back of a length,Middle,Scoop/ramp,,,,,
0.4,2,Plunkett,Rohit Sharma,Friendly length,outside leg stump,Helicopter shot,Square Leg,,,,
0.3,2,Plunkett,Rohit Sharma,short,Outside off Stump,French cut,Square Leg,,,,
0.2,0,Plunkett,Rohit Sharma,googly,Off Stump,Hook shot,Square Leg,,,,
0.1,0,Plunkett,Rohit Sharma,Full length,Leg Stump,Pull shot,Square Leg,,,,
29.5,0,Coles,Rohit Sharma,Good Length,Middle,Square cut,For a wide,,,,
29.4,0,Coles,Rohit Sharma,Back of a length,outside leg stump,Back defence,Mid-Off,,,,
29.3,0,Coles,Rohit Sharma,Friendly length,Outside off Stump,Off drive,Square Leg,,,,
29.2,5w,Coles,Rohit Sharma,short,Off Stump,Straight drive,Square Leg,,,,
29.1,1,Coles,Rohit Sharma,googly,Leg Stump,On drive,For a wide,,,,
28.6,4,Quinn,Rohit Sharma,Full length,Middle,,,,,,
28.5,2w,Quinn,Rohit Sharma,Good Length,outside leg stump,Forward defence,Mid-Off,,,,
28.4,0,Quinn,Rohit Sharma,Back of a length,Outside off Stump,Cut,Mid-Off,,,,
28.3,0,Quinn,Rohit Sharma, bouncer,Off Stump,Reverse sweep,Mid-Off,,,,
28.2,0,Quinn,Rohit Sharma,Friendly length,Leg Stump,slog and slog sweep,Square Leg,,,,
28.1,0,Quinn,Rohit Sharma,Full length,Middle,upper cut,Deep,,,,
27.6,W,Coles,Rohit Sharma,Good Length,outside leg stump,Switch hit,Long off,,,,
27.5,6,Coles,Rohit Sharma,Back of a length,Outside off Stump,Scoop/ramp,Deep,,,,
27.4,1,Coles,Rohit Sharma,Friendly length,Off Stump,Helicopter shot,Long off,,,,
27.3,1,Coles,Rohit Sharma,short,Leg Stump,French cut,Square,,,,
27.2,1,Coles,Rohit Sharma,googly,Middle,Hook shot,Thirdman,,,,
27.1,0,Coles,Rohit Sharma,Full length,outside leg stump,Pull shot,Gully,,,,
26.6,1,Quinn,Rohit Sharma,Good Length,Outside off Stump,Square cut,Cover,,,,
26.5,1,Quinn,Rohit Sharma,Back of a length,Off Stump,Back defence,point,,,,
26.4,1,Quinn,Rohit Sharma,Friendly length,Leg Stump,Off drive,Mid-off,,,,
26.3,1,Quinn,Rohit Sharma,short,Middle,Straight drive,Mid-on,,,,
26.2,1,Quinn,Rohit Sharma,googly,outside leg stump,On drive,Deep,,,,
26.1,0,Quinn,Rohit Sharma,Full length,Outside off Stump,,Wide,,,,
25.6,0,Coles,Rohit Sharma,Good Length,Off Stump,Straight drive,,,,,
25.5,4,Coles,Rohit Sharma,Back of a length,Leg Stump,Cut,Straight,,,,
25.4,1,Coles,Rohit Sharma, bouncer,Middle,Reverse sweep,Straight hit,,,,
25.3,4,Coles,Rohit Sharma,Friendly length,outside leg stump,slog and slog sweep,Wide,,,,
25.2,0,Coles,Rohit Sharma,Slower ball,Outside off Stump,upper cut,Square,,,,
25.1,W,Coles,Rohit Sharma,Low full toss,Off Stump,Switch hit,Fine,,,,
24.6,4,Quinn,Rohit Sharma,Yorker length,Leg Stump,Scoop/ramp,Square,,,,
24.5,4,Quinn,Rohit Sharma,Yorker length,Middle,Helicopter shot,Thirdman,,,,
24.4,2,Quinn,Rohit Sharma,Full length,outside leg stump,French cut,Gully,,,,
24.3,6,Quinn,Rohit Sharma,Good Length,Outside off Stump,Hook shot,Cover,,,,
24.2,1,Quinn,Rohit Sharma,Back of a length,Off Stump,Pull shot,point,,,,
24.1,1,Quinn,Rohit Sharma,Friendly length,mid-off,Square cut,Mid-off,,,,
23.6,1w,Coles,Rohit Sharma,short,midwicket,Back defence,Square,,,,
23.5,0,Coles,Rohit Sharma,googly,third man,Off drive,Thirdman,,,,
23.4,1,Coles,Rohit Sharma,Full length,FullToss,Straight drive,Gully,,,,
23.3,1,Coles,Rohit Sharma,Good Length,Outside off,On drive,Cover,,,,
23.2,6,Coles,Rohit Sharma,Back of a length,Tight line,Sweep shot,point,,,,
23.1,4,Coles,Rohit Sharma,Friendly length,Outside off,Forward defence,Mid-off,,,,
22.6,6,Quinn,Rohit Sharma,short,Off Stump,Cut,Mid-on,,,,
22.5,1,Quinn,Rohit Sharma,googly,Outside off,Reverse sweep,Deep,,,,
22.4,0,Quinn,Rohit Sharma,Full length,Tight line,slog and slog sweep,Long off,,,,
22.3,1,Quinn,Rohit Sharma,Good Length,FullToss,upper cut,Long on,,,,
22.2,1,Quinn,Rohit Sharma,Back of a length,Turning outside off,Switch hit,Straight,,,,
22.1,4,Quinn,Rohit Sharma, bouncer,Tight line,Scoop/ramp,Straight hit,,,,
21.6,0,Coles,Rohit Sharma,Friendly length,Outside off,Helicopter shot,Wide,,,,
21.5,1,Coles,Rohit Sharma,,,French cut,Square,,,,
21.4,1,Coles,Rohit Sharma,,,,,,,,
21.3,4,Coles,Rohit Sharma,,,,,,,,
21.2,1,Coles,Rohit Sharma,,,,,,,,
21.1,1,Coles,Rohit Sharma,,,,,,,,
20.6,1,Quinn,Rohit Sharma,,,,,,,,
20.5,,Quinn,Rohit Sharma,,,,,,,,
20.4,,Quinn,Rohit Sharma,,,,,,,,
20.3,,Quinn,Rohit Sharma,,,,,,,,
20.2,,Quinn,Rohit Sharma,,,,,,,,
20.1,,Quinn,Rohit Sharma,,,,,,,,
19.6,,Coles,Rohit Sharma,,,,,,,,
19.5,,Coles,Rohit Sharma,,,,,,,,
19.4,,Coles,Rohit Sharma,,,,,,,,
19.3,,Coles,Rohit Sharma,,,,,,,,
19.2,,Coles,Rohit Sharma,,,,,,,,
19.1,,Coles,Rohit Sharma,,,,,,,,
18.6,,Quinn,Rohit Sharma,,,,,,,,
18.5,,Quinn,Rohit Sharma,,,,,,,,
18.4,,Quinn,Rohit Sharma,,,,,,,,
18.3,,Quinn,Rohit Sharma,,,,,,,,
18.2,,Quinn,Rohit Sharma,,,,,,,,
18.1,,Quinn,Rohit Sharma,,,,,,,,
17.6,,Coles,Rohit Sharma,,,,,,,,
17.5,,Coles,Rohit Sharma,,,,,,,,
17.4,,Coles,Rohit Sharma,,,,,,,,
17.3,,Coles,Rohit Sharma,,,,,,,,
17.2,,Coles,Rohit Sharma,,,,,,,,
17.1,,Coles,Rohit Sharma,,,,,,,,
16.6,,Quinn,Rohit Sharma,,,,,,,,
16.5,,Quinn,Rohit Sharma,,,,,,,,
16.4,,Quinn,Rohit Sharma,,,,,,,,
16.3,,Quinn,Rohit Sharma,,,,,,,,
16.2,,Quinn,Rohit Sharma,,,,,,,,
16.1,,Quinn,Rohit Sharma,,,,,,,,
15.6,,Coles,Rohit Sharma,,,,,,,,
15.5,,Coles,Rohit Sharma,,,,,,,,
15.4,,Coles,Rohit Sharma,,,,,,,,
15.3,,Coles,Rohit Sharma,,,,,,,,
15.2,,Coles,Rohit Sharma,,,,,,,,
15.1,,Coles,Rohit Sharma,,,,,,,,
14.6,,Quinn,Rohit Sharma,,,,,,,,
14.5,,Quinn,Rohit Sharma,,,,,,,,
14.4,,Quinn,Rohit Sharma,,,,,,,,
14.3,,Quinn,Rohit Sharma,,,,,,,,
14.2,,Quinn,Rohit Sharma,,,,,,,,
14.1,,Quinn,Rohit Sharma,,,,,,,,
13.6,,Coles,Rohit Sharma,,,,,,,,
13.5,,Coles,Rohit Sharma,,,,,,,,
13.4,,Coles,Rohit Sharma,,,,,,,,
13.3,,Coles,Rohit Sharma,,,,,,,,
13.2,,Coles,Rohit Sharma,,,,,,,,
13.1,,Coles,Rohit Sharma,,,,,,,,
12.6,,Quinn,Rohit Sharma,,,,,,,,
12.5,,Quinn,Rohit Sharma,,,,,,,,
12.4,,Quinn,Rohit Sharma,,,,,,,,
32.2,,Broad,Rohit Sharma,,,,,,,,
32.1,,Broad,Rohit Sharma,,,,,,,,
31.6,,Rashid,Rohit Sharma,,,,,,,,
31.5,,Rashid,Rohit Sharma,,,,,,,,
31.4,,Rashid,Kohli,,,,,,,,
31.3,,Rashid,Kohli,,,,,,,,
31.2,,Rashid,Kohli,,,,,,,,
31.1,,Rashid,Kohli,,,,,,,,
30.6,,Broad,Kohli,,,,,,,,
30.5,,Broad,Kohli,,,,,,,,
30.4,,Broad,Kohli,,,,,,,,
30.3,,Broad,Kohli,,,,,,,,
30.2,,Broad,Kohli,,,,,,,,
30.1,,Broad,Kohli,,,,,,,,
29.6,,Rashid,Kohli,,,,,,,,
29.5,,Rashid,Kohli,,,,,,,,
29.4,,Rashid,Kohli,,,,,,,,
29.3,,Rashid,Kohli,,,,,,,,
29.2,,Rashid,Kohli,,,,,,,,
29.1,,Rashid,Kohli,,,,,,,,
28.6,,Broad,Kohli,,,,,,,,
28.5,,Broad,Kohli,,,,,,,,
28.4,,Broad,Kohli,,,,,,,,
28.3,,Broad,Kohli,,,,,,,,
28.2,,Broad,Kohli,,,,,,,,
28.1,,Broad,Kohli,,,,,,,,
27.6,,Rashid,Kohli,,,,,,,,
27.5,,Rashid,Kohli,,,,,,,,
27.5,,Rashid,Kohli,,,,,,,,
27.2,,Rashid,Kohli,,,,,,,,
27.1,,Rashid,Kohli,,,,,,,,
26.3,,Dixon,Kohli,,,,,,,,
26.2,,Dixon,Kohli,,,,,,,,
26.1,,Dixon,Kohli,,,,,,,,
25.6,,Walter,Kohli,,,,,,,,
25.2,,Walter,Kohli,,,,,,,,
24.6,,Dixon,Kohli,,,,,,,,
24.5,,Dixon,Kohli,,,,,,,,
24.4,,Dixon,Kohli,,,,,,,,
24.3,,Dixon,Kohli,,,,,,,,
24.2,,Dixon,Kohli,,,,,,,,
24.1,,Dixon,Kohli,,,,,,,,
22.6,,Dixon,Kohli,,,,,,,,
22.5,,Dixon,Kohli,,,,,,,,
22.4,,Dixon,Kohli,,,,,,,,
21.6,,Walter,Kohli,,,,,,,,
21.5,,Walter,Kohli,,,,,,,,
21.4,,Walter,Kohli,,,,,,,,
21.3,,Walter,Kohli,,,,,,,,
21.2,,Walter,Kohli,,,,,,,,
21.1,,Walter,Kohli,,,,,,,,
20.3,,Dixon,Kohli,,,,,,,,
20.2,,Dixon,Kohli,,,,,,,,
19.6,,Beard,Kohli,,,,,,,,
19.5,,Beard,Kohli,,,,,,,,
19.4,,Beard,Kohli,,,,,,,,
19.3,,Beard,Kohli,,,,,,,,
18.6,,Quinn,Kohli,,,,,,,,
18.5,,Quinn,Kohli,,,,,,,,
18.4,,Quinn,Kohli,,,,,,,,
15.2,,Sam Curran,Kohli,,,,,,,,
15.1,,Sam Curran,Kohli,,,,,,,,
14.6,,Stokes,Kohli,,,,,,,,
14.5,,Stokes,Kohli,,,,,,,,
14.4,,Stokes,Kohli,,,,,,,,
14.3,,Stokes,Kohli,,,,,,,,
14.2,,Stokes,Kohli,,,,,,,,
14.1,,Stokes,Kohli,,,,,,,,
13.6,,Sam Curran,Kohli,,,,,,,,
13.5,,Sam Curran,Kohli,,,,,,,,
13.4,,Sam Curran,Kohli,,,,,,,,
13.3,,Sam Curran,Kohli,,,,,,,,
13.2,,Sam Curran,Kohli,,,,,,,,
13.1,,Sam Curran,Kohli,,,,,,,,
12.6,,Stokes,Kohli,,,,,,,,
12.5,,Stokes,Kohli,,,,,,,,
12.4,,Stokes,Kohli,,,,,,,,
12.3,,Stokes,Kohli,,,,,,,,
12.2,,Stokes,Kohli,,,,,,,,
12.1,,Stokes,Kohli,,,,,,,,
11.6,,Sam Curran,Kohli,,,,,,,,
11.5,,Sam Curran,Kohli,,,,,,,,
11.4,,Sam Curran,Kohli,,,,,,,,
11.3,,Sam Curran,Kohli,,,,,,,,
11.2,,Sam Curran,Kohli,,,,,,,,
11.1,,Sam Curran,Kohli,,,,,,,,
10.6,,Stokes,Kohli,,,,,,,,
10.5,,Stokes,Kohli,,,,,,,,
10.4,,Stokes,Kohli,,,,,,,,
10.3,,Stokes,Kohli,,,,,,,,
10.2,,Stokes,Kohli,,,,,,,,
10.1,,Stokes,Kohli,,,,,,,,
9.6,,Sam Curran,Kohli,,,,,,,,
9.5,,Sam Curran,Kohli,,,,,,,,
9.4,,Sam Curran,Kohli,,,,,,,,
9.3,,Sam Curran,Kohli,,,,,,,,
9.2,,Sam Curran,Kohli,,,,,,,,
9.1,,Sam Curran,Kohli,,,,,,,,
8.6,,Stokes,Kohli,,,,,,,,
8.5,,Stokes,Kohli,,,,,,,,
8.4,,Stokes,Kohli,,,,,,,,
8.3,,Stokes,Kohli,,,,,,,,
8.2,,Stokes,Kohli,,,,,,,,
8.1,,Stokes,Kohli,,,,,,,,
7.6,,Sam Curran,Kohli,,,,,,,,
7.5,,Sam Curran,Kohli,,,,,,,,
7.4,,Sam Curran,Kohli,,,,,,,,
7.3,,Sam Curran,Kohli,,,,,,,,
7.2,,Sam Curran,Kohli,,,,,,,,
7.1,,Sam Curran,Kohli,,,,,,,,
6.6,,Stokes,Kohli,,,,,,,,
6.5,,Stokes,Kohli,,,,,,,,
6.4,,Stokes,Kohli,,,,,,,,
6.3,,Stokes,Kohli,,,,,,,,
6.2,,Stokes,Kohli,,,,,,,,
6.1,,Stokes,Kohli,,,,,,,,
5.6,,Sam Curran,Kohli,,,,,,,,
5.5,,Sam Curran,Kohli,,,,,,,,
5.4,,Sam Curran,Kohli,,,,,,,,
5.3,,Sam Curran,Kohli,,,,,,,,
5.2,,Sam Curran,Kohli,,,,,,,,
5.1,,Sam Curran,Kohli,,,,,,,,
4.6,,Stokes,Kohli,,,,,,,,
4.5,,Stokes,Kohli,,,,,,,,
4.4,,Stokes,Kohli,,,,,,,,
4.3,,Stokes,Kohli,,,,,,,,
4.2,,Stokes,Kohli,,,,,,,,
4.1,,Stokes,Kohli,,,,,,,,
3.6,,Sam Curran,Kohli,,,,,,,,
3.5,,Sam Curran,Kohli,,,,,,,,
3.4,,Sam Curran,Kohli,,,,,,,,
3.3,,Sam Curran,Kohli,,,,,,,,
3.2,,Sam Curran,Kohli,,,,,,,,
3.1,,Sam Curran,Kohli,,,,,,,,
2.6,,Stokes,Kohli,,,,,,,,
2.5,,Stokes,Kohli,,,,,,,,
2.4,,Stokes,Kohli,,,,,,,,
2.3,,Stokes,Kohli,,,,,,,,
2.2,,Stokes,Kohli,,,,,,,,
2.1,,Stokes,Kohli,,,,,,,,
1.6,,Sam Curran,Kohli,,,,,,,,
1.5,,Sam Curran,Kohli,,,,,,,,
1.4,,Sam Curran,Kohli,,,,,,,,
1.3,,Sam Curran,Kohli,,,,,,,,
1.2,,Sam Curran,Kohli,,,,,,,,
1.1,,Sam Curran,Kohli,,,,,,,,
0.6,,Stokes,Kohli,,,,,,,,
0.5,,Stokes,Kohli,,,,,,,,
0.4,,Stokes,Kohli,,,,,,,,
0.3,,Stokes,Kohli,,,,,,,,
0.2,,Stokes,Kohli,,,,,,,,
0.1,,Stokes,Kohli,,,,,,,,
71.3,,Rashid,Kohli,,,,,,,,
71.2,,Rashid,Kohli,,,,,,,,
71.1,,Rashid,Kohli,,,,,,,,
,,,,,,,,,,,
70.6,,Stokes,Kohli,,,,,,,,
70.5,,Stokes,Kohli,,,,,,,,
70.4,,Stokes,Kohli,,,,,,,,
70.3,,Stokes,Kohli,,,,,,,,
70.2,,Stokes,Kohli,,,,,,,,
70.1,,Stokes,Kohli,,,,,,,,
,,,,,,,,,,,
69.6,,Rashid,Kohli,,,,,,,,
69.5,,Rashid,Kohli,,,,,,,,
69.4,,Rashid,Kohli,,,,,,,,
69.3,,Rashid,Kohli,,,,,,,,
69.2,,Rashid,Kohli,,,,,,,,
69.1,,Rashid,Kohli,,,,,,,,
,,,,,,,,,,,
68.6,,Stokes,Kohli,,,,,,,,
68.5,,Stokes,Kohli,,,,,,,,
68.4,,Stokes,Kohli,,,,,,,,
68.3,,Stokes,Kohli,,,,,,,,
68.2,,Stokes,Kohli,,,,,,,,
68.1,,Stokes,Kohli,,,,,,,,
,,,,,,,,,,,
67.6,,Rashid,Kohli,,,,,,,,
67.5,,Rashid,Kohli,,,,,,,,
67.4,,Rashid,Kohli,,,,,,,,
67.3,,Rashid,Kohli,,,,,,,,
67.2,,Rashid,Kohli,,,,,,,,
67.1,,Rashid,Kohli,,,,,,,,
66.6,,Stokes,Kohli,,,,,,,,
66.5,,Stokes,Kohli,,,,,,,,
66.4,,Stokes,Kohli,,,,,,,,
66.3,,Stokes,Kohli,,,,,,,,
66.2,,Stokes,Kohli,,,,,,,,
66.1,,Stokes,Kohli,,,,,,,,
65.6,,Rashid,Kohli,,,,,,,,
65.5,,Rashid,Kohli,,,,,,,,
65.4,,Rashid,Kohli,,,,,,,,
65.3,,Rashid,Kohli,,,,,,,,
65.2,,Rashid,Kohli,,,,,,,,
65.1,,Rashid,Kohli,,,,,,,,
64.6,,Stokes,Kohli,,,,,,,,
64.5,,Stokes,Kohli,,,,,,,,
64.4,,Stokes,Kohli,,,,,,,,
64.3,,Stokes,Kohli,,,,,,,,
64.2,,Stokes,Kohli,,,,,,,,
64.1,,Stokes,Kohli,,,,,,,,
63.6,,Rashid,Kohli,,,,,,,,
63.5,,Rashid,Kohli,,,,,,,,
63.4,,Rashid,Kohli,,,,,,,,
63.3,,Rashid,Kohli,,,,,,,,
63.2,,Rashid,Kohli,,,,,,,,
63.1,,Rashid,Kohli,,,,,,,,
62.6,,Stokes,Kohli,,,,,,,,
62.5,,Stokes,Kohli,,,,,,,,
62.4,,Stokes,Kohli,,,,,,,,
62.3,,Stokes,Kohli,,,,,,,,
62.2,,Stokes,Kohli,,,,,,,,
62.1,,Stokes,Kohli,,,,,,,,
61.6,,Rashid,Kohli,,,,,,,,
61.5,,Rashid,Kohli,,,,,,,,
61.4,,Rashid,Kohli,,,,,,,,
61.3,,Rashid,Kohli,,,,,,,,
61.2,,Rashid,Kohli,,,,,,,,
61.1,,Rashid,Kohli,,,,,,,,
60.6,,Stokes,Kohli,,,,,,,,
60.5,,Stokes,Kohli,,,,,,,,
60.4,,Stokes,Kohli,,,,,,,,
60.3,,Stokes,Kohli,,,,,,,,
60.2,,Stokes,Kohli,,,,,,,,
60.1,,Stokes,Kohli,,,,,,,,
61.1,,Sam Curran,Kohli,,,,,,,,
60.6,,Stokes,Kohli,,,,,,,,
60.5,,Stokes,Kohli,,,,,,,,
60.4,,Stokes,Kohli,,,,,,,,
60.3,,Stokes,Kohli,,,,,,,,
60.2,,Stokes,Kohli,,,,,,,,
60.1,,Stokes,Kohli,,,,,,,,
59.6,,Sam Curran,Kohli,,,,,,,,
59.5,,Sam Curran,Kohli,,,,,,,,
59.4,,Sam Curran,Kohli,,,,,,,,
59.3,,Sam Curran,Kohli,,,,,,,,
59.2,,Sam Curran,Kohli,,,,,,,,
59.1,,Sam Curran,Kohli,,,,,,,,
58.6,,Stokes,Kohli,,,,,,,,
58.5,,Stokes,Kohli,,,,,,,,
58.4,,Stokes,Kohli,,,,,,,,
58.3,,Stokes,Kohli,,,,,,,,
58.2,,Stokes,Kohli,,,,,,,,
58.1,,Stokes,Kohli,,,,,,,,
57.6,,Sam Curran,Kohli,,,,,,,,
57.5,,Sam Curran,Kohli,,,,,,,,
57.4,,Sam Curran,Kohli,,,,,,,,
57.3,,Sam Curran,Kohli,,,,,,,,
57.2,,Sam Curran,Kohli,,,,,,,,
57.1,,Sam Curran,Kohli,,,,,,,,
56.6,,Stokes,Kohli,,,,,,,,
56.5,,Stokes,Kohli,,,,,,,,
56.4,,Stokes,Kohli,,,,,,,,
56.3,,Stokes,Kohli,,,,,,,,
56.2,,Stokes,Kohli,,,,,,,,
56.1,,Stokes,Kohli,,,,,,,,
55.6,,Sam Curran,Kohli,,,,,,,,
55.5,,Sam Curran,Kohli,,,,,,,,
55.4,,Sam Curran,Kohli,,,,,,,,
55.3,,Sam Curran,Kohli,,,,,,,,
55.2,,Sam Curran,Kohli,,,,,,,,
55.1,,Sam Curran,Kohli,,,,,,,,
54.6,,Stokes,Kohli,,,,,,,,
54.5,,Stokes,Kohli,,,,,,,,
54.4,,Stokes,Kohli,,,,,,,,
54.3,,Stokes,Kohli,,,,,,,,
54.2,,Stokes,Kohli,,,,,,,,
54.1,,Stokes,Kohli,,,,,,,,
53.6,,Sam Curran,Kohli,,,,,,,,
53.5,,Sam Curran,Kohli,,,,,,,,
53.4,,Sam Curran,Kohli,,,,,,,,
53.3,,Sam Curran,Kohli,,,,,,,,
53.2,,Sam Curran,Kohli,,,,,,,,
53.1,,Sam Curran,Kohli,,,,,,,,
52.6,,Stokes,Kohli,,,,,,,,
52.5,,Stokes,Kohli,,,,,,,,
52.4,,Stokes,Kohli,,,,,,,,
52.3,,Stokes,Kohli,,,,,,,,
52.2,,Stokes,Kohli,,,,,,,,
52.1,,Stokes,Kohli,,,,,,,,
51.6,,Sam Curran,Kohli,,,,,,,,
51.5,,Sam Curran,Kohli,,,,,,,,
51.4,,Sam Curran,Kohli,,,,,,,,
51.3,,Sam Curran,Kohli,,,,,,,,
51.2,,Sam Curran,Kohli,,,,,,,,
51.1,,Sam Curran,Kohli,,,,,,,,
50.6,,Stokes,Kohli,,,,,,,,
50.5,,Stokes,Kohli,,,,,,,,
50.4,,Stokes,Kohli,,,,,,,,
50.3,,Stokes,Kohli,,,,,,,,
50.2,,Stokes,Kohli,,,,,,,,
50.1,,Stokes,Kohli,,,,,,,,
49.6,,Sam Curran,Kohli,,,,,,,,
49.5,,Sam Curran,Kohli,,,,,,,,
49.4,,Sam Curran,Kohli,,,,,,,,
49.3,,Sam Curran,Kohli,,,,,,,,
49.2,,Sam Curran,Kohli,,,,,,,,
49.1,,Sam Curran,Kohli,,,,,,,,
48.6,,Stokes,Kohli,,,,,,,,
48.5,,Stokes,Kohli,,,,,,,,
48.4,,Stokes,Kohli,,,,,,,,
48.3,,Stokes,Kohli,,,,,,,,
48.2,,Stokes,Kohli,,,,,,,,
48.1,,Stokes,Kohli,,,,,,,,
47.6,,Sam Curran,Kohli,,,,,,,,
47.5,,Sam Curran,Kohli,,,,,,,,
47.4,,Sam Curran,Kohli,,,,,,,,
47.3,,Sam Curran,Kohli,,,,,,,,
47.2,,Sam Curran,Kohli,,,,,,,,
47.1,,Sam Curran,Kohli,,,,,,,,
46.6,,Stokes,Kohli,,,,,,,,
46.5,,Stokes,Kohli,,,,,,,,
46.4,,Stokes,Kohli,,,,,,,,
46.3,,Stokes,Kohli,,,,,,,,
46.2,,Stokes,Kohli,,,,,,,,
46.1,,Stokes,Kohli,,,,,,,,
45.6,,Sam Curran,Kohli,,,,,,,,
45.5,,Sam Curran,Kohli,,,,,,,,
45.4,,Sam Curran,Kohli,,,,,,,,
45.3,,Sam Curran,Kohli,,,,,,,,
45.2,,Sam Curran,Kohli,,,,,,,,
45.1,,Sam Curran,Kohli,,,,,,,,
44.6,,Stokes,Kohli,,,,,,,,
44.5,,Stokes,Kohli,,,,,,,,
44.4,,Stokes,Kohli,,,,,,,,
44.3,,Stokes,Kohli,,,,,,,,
44.2,,Stokes,Kohli,,,,,,,,
44.1,,Stokes,Kohli,,,,,,,,
43.6,,Sam Curran,Kohli,,,,,,,,
43.5,,Sam Curran,Kohli,,,,,,,,
43.4,,Sam Curran,Kohli,,,,,,,,
43.3,,Sam Curran,Kohli,,,,,,,,
43.2,,Sam Curran,Kohli,,,,,,,,
43.1,,Sam Curran,Kohli,,,,,,,,
42.6,,Stokes,Kohli,,,,,,,,
42.5,,Stokes,Kohli,,,,,,,,
42.4,,Stokes,Kohli,,,,,,,,
42.3,,Stokes,Kohli,,,,,,,,
42.2,,Stokes,Kohli,,,,,,,,
42.1,,Stokes,Kohli,,,,,,,,
41.6,,Sam Curran,Kohli,,,,,,,,
61.1,,Sam Curran,Kohli,,,,,,,,
60.6,,Rashid,Kohli,,,,,,,,
60.5,,Rashid,Kohli,,,,,,,,
60.4,,Rashid,Kohli,,,,,,,,
60.3,,Rashid,Kohli,,,,,,,,
60.2,,Rashid,Kohli,,,,,,,,
60.1,,Rashid,Kohli,,,,,,,,
59.6,,Sam Curran,Kohli,,,,,,,,
59.5,,Sam Curran,Kohli,,,,,,,,
59.4,,Sam Curran,Kohli,,,,,,,,
59.3,,Sam Curran,Kohli,,,,,,,,
59.2,,Sam Curran,Kohli,,,,,,,,
59.1,,Sam Curran,Kohli,,,,,,,,
58.6,,Rashid,Kohli,,,,,,,,
58.5,,Rashid,Kohli,,,,,,,,
58.4,,Rashid,Kohli,,,,,,,,
58.3,,Rashid,Kohli,,,,,,,,
58.2,,Rashid,Kohli,,,,,,,,
58.1,,Rashid,Kohli,,,,,,,,
57.6,,Sam Curran,Kohli,,,,,,,,
57.5,,Sam Curran,Kohli,,,,,,,,
57.4,,Sam Curran,Kohli,,,,,,,,
57.3,,Sam Curran,Kohli,,,,,,,,
57.2,,Sam Curran,Kohli,,,,,,,,
57.1,,Sam Curran,Kohli,,,,,,,,
56.6,,Rashid,Kohli,,,,,,,,
56.5,,Rashid,Kohli,,,,,,,,
56.4,,Rashid,Kohli,,,,,,,,
56.3,,Rashid,Kohli,,,,,,,,
56.2,,Rashid,Kohli,,,,,,,,
56.1,,Rashid,Kohli,,,,,,,,
55.6,,Sam Curran,Kohli,,,,,,,,
55.5,,Sam Curran,Kohli,,,,,,,,
55.4,,Sam Curran,Kohli,,,,,,,,
55.3,,Sam Curran,Kohli,,,,,,,,
55.2,,Sam Curran,Kohli,,,,,,,,
55.1,,Sam Curran,Kohli,,,,,,,,
54.6,,Rashid,Kohli,,,,,,,,
54.5,,Rashid,Kohli,,,,,,,,
54.4,,Rashid,Kohli,,,,,,,,
54.3,,Rashid,Kohli,,,,,,,,
54.2,,Rashid,Kohli,,,,,,,,
54.1,,Rashid,Kohli,,,,,,,,
53.6,,Sam Curran,Kohli,,,,,,,,
53.5,,Sam Curran,Kohli,,,,,,,,
53.4,,Sam Curran,Kohli,,,,,,,,
53.3,,Sam Curran,Kohli,,,,,,,,
53.2,,Sam Curran,Kohli,,,,,,,,
53.1,,Sam Curran,Kohli,,,,,,,,
52.6,,Rashid,Kohli,,,,,,,,
52.5,,Rashid,Kohli,,,,,,,,
52.4,,Rashid,Kohli,,,,,,,,
52.3,,Rashid,Kohli,,,,,,,,
52.2,,Rashid,Kohli,,,,,,,,
52.1,,Rashid,Kohli,,,,,,,,
51.6,,Sam Curran,Kohli,,,,,,,,
51.5,,Sam Curran,Kohli,,,,,,,,
51.4,,Sam Curran,Kohli,,,,,,,,
51.3,,Sam Curran,Kohli,,,,,,,,
51.2,,Sam Curran,Kohli,,,,,,,,
51.1,,Sam Curran,Kohli,,,,,,,,
50.6,,Rashid,Kohli,,,,,,,,
50.5,,Rashid,Kohli,,,,,,,,
50.4,,Rashid,Kohli,,,,,,,,
50.3,,Rashid,Kohli,,,,,,,,
50.2,,Rashid,Kohli,,,,,,,,
50.1,,Rashid,Kohli,,,,,,,,
49.6,,Sam Curran,Kohli,,,,,,,,
49.5,,Sam Curran,Kohli,,,,,,,,
49.4,,Sam Curran,Kohli,,,,,,,,
49.3,,Sam Curran,Kohli,,,,,,,,
49.2,,Sam Curran,Kohli,,,,,,,,
49.1,,Sam Curran,Kohli,,,,,,,,
48.6,,Rashid,Kohli,,,,,,,,
48.5,,Rashid,Kohli,,,,,,,,
48.4,,Rashid,Kohli,,,,,,,,
48.3,,Rashid,Kohli,,,,,,,,
48.2,,Rashid,Kohli,,,,,,,,
21.4,,Stokes,Kohli,,,,,,,,
21.3,,Stokes,Kohli,,,,,,,,
21.2,,Stokes,Kohli,,,,,,,,
21.1,,Stokes,Kohli,,,,,,,,
20.6,,Anderson,Kohli,,,,,,,,
20.5,,Anderson,Kohli,,,,,,,,
20.4,,Anderson,Kohli,,,,,,,,
20.3,,Anderson,Kohli,,,,,,,,
20.2,,Anderson,Kohli,,,,,,,,
20.1,,Anderson,Kohli,,,,,,,,
19.6,,Stokes,Kohli,,,,,,,,
19.5,,Stokes,Kohli,,,,,,,,
19.4,,Stokes,Kohli,,,,,,,,
19.3,,Stokes,Kohli,,,,,,,,
19.2,,Stokes,Kohli,,,,,,,,
19.1,,Stokes,Kohli,,,,,,,,
18.6,,Anderson,Kohli,,,,,,,,
18.5,,Anderson,Kohli,,,,,,,,
18.4,,Anderson,Kohli,,,,,,,,
18.3,,Anderson,Kohli,,,,,,,,
18.2,,Anderson,Kohli,,,,,,,,
18.1,,Anderson,Kohli,,,,,,,,
17.6,,Stokes,Kohli,,,,,,,,
17.5,,Stokes,Kohli,,,,,,,,
17.4,,Stokes,Kohli,,,,,,,,
17.3,,Stokes,Kohli,,,,,,,,
17.2,,Stokes,Kohli,,,,,,,,
17.1,,Stokes,Kohli,,,,,,,,
16.6,,Anderson,Kohli,,,,,,,,
16.5,,Anderson,Kohli,,,,,,,,
16.4,,Anderson,Kohli,,,,,,,,
16.3,,Anderson,Kohli,,,,,,,,
16.2,,Anderson,Kohli,,,,,,,,
16.1,,Anderson,Kohli,,,,,,,,
15.6,,Stokes,Kohli,,,,,,,,
15.5,,Stokes,Kohli,,,,,,,,
15.4,,Stokes,Kohli,,,,,,,,
15.3,,Stokes,Kohli,,,,,,,,
15.2,,Stokes,Kohli,,,,,,,,
15.1,,Stokes,Kohli,,,,,,,,
14.6,,Anderson,Kohli,,,,,,,,
14.5,,Anderson,Kohli,,,,,,,,
14.4,,Anderson,Kohli,,,,,,,,
14.3,,Anderson,Kohli,,,,,,,,
14.2,,Anderson,Kohli,,,,,,,,
14.1,,Anderson,Kohli,,,,,,,,
13.6,,Stokes,Kohli,,,,,,,,
13.5,,Stokes,Kohli,,,,,,,,
13.4,,Stokes,Kohli,,,,,,,,
13.3,,Stokes,Kohli,,,,,,,,
13.2,,Stokes,Kohli,,,,,,,,
13.1,,Stokes,Kohli,,,,,,,,
12.6,,Anderson,Kohli,,,,,,,,
12.5,,Anderson,Kohli,,,,,,,,
12.4,,Anderson,Kohli,,,,,,,,
