Over Number,Outcome,Bowler,Batter,Runs,Length,Line,Shot Type,Shot Placement,Date,Stadium Name,,
15.3,W,Abbott,Kohli,Out,-,-,-,-,"2nd October, 2015","Himachal Pradesh Cricket Association Stadium, Dharamsala",,
15.1,1,Abbott,Kohli,1,Length,Off Stump,Through the line,Long Off,"2nd October, 2015","Himachal Pradesh Cricket Association Stadium, Dharamsala",,
14.4,1,de Lange,Kohli,1,Full,-,Slice,Cover,"2nd October, 2015","Himachal Pradesh Cricket Association Stadium, Dharamsala",,
14.3,1,de Lange,Kohli,1,Full and Straight,-,Drive,Past the Bowler,"2nd October, 2015","Himachal Pradesh Cricket Association Stadium, Dharamsala",,
14.3,1w,de Lange,Kohli,Wide,Down Leg Side,-,Pull,-,"2nd October, 2015","Himachal Pradesh Cricket Association Stadium, Dharamsala",,
14.1,1,de Lange,Kohli,1,Good Length,-,Chip,Mid-on,"2nd October, 2015","Himachal Pradesh Cricket Association Stadium, Dharamsala",,
13.6,1,Morris,Kohli,1,Full Toss,Off and Middle,Drive,Extra Cover,"2nd October, 2015","Himachal Pradesh Cricket Association Stadium, Dharamsala",,
13.1,1,Morris,Kohli,1,Good Length,Off and Middle,Punch,Long On,"2nd October, 2015","Himachal Pradesh Cricket Association Stadium, Dharamsala",,
12.3,1,Rabada,Kohli,1,-,-,Nudge,Leg Side,"2nd October, 2015","Himachal Pradesh Cricket Association Stadium, Dharamsala",,
11.5,1,Tahir,Kohli,1,Flat and Fast,-,Play,Point,"2nd October, 2015","Himachal Pradesh Cricket Association Stadium, Dharamsala",,
11.4,6,Tahir,Kohli,6,-,-,Drive,Long Off,"2nd October, 2015","Himachal Pradesh Cricket Association Stadium, Dharamsala",,
11.3,6,Tahir,Kohli,6,-,-,Slam,Deep Midwicket,"2nd October, 2015","Himachal Pradesh Cricket Association Stadium, Dharamsala",,
10.5,1,Duminy,Kohli,1,Full,-,Drive,Deep Midwicket,"2nd October, 2015","Himachal Pradesh Cricket Association Stadium, Dharamsala",,
10.5,1w,Duminy,Kohli,Wide,-,Outside Off,Fires,Off Stump,"2nd October, 2015","Himachal Pradesh Cricket Association Stadium, Dharamsala",,
10.2,1,Duminy,Kohli,1,Flat,-,Push,Midwicket,"2nd October, 2015","Himachal Pradesh Cricket Association Stadium, Dharamsala",,
9.2,1,Abbott,Kohli,1,Good Length,-,Push,Long On,"2nd October, 2015","Himachal Pradesh Cricket Association Stadium, Dharamsala",,
8.6,2w,Tahir,Kohli,2,Wide,Outside Leg Stump,-,-,"2nd October, 2015","Himachal Pradesh Cricket Association Stadium, Dharamsala",,
8.2,1,Tahir,Kohli,1,-,-,Drive,Long On,"2nd October, 2015","Himachal Pradesh Cricket Association Stadium, Dharamsala",,
7.5,1,Morris,Kohli,1,Outside Off,-,Dab,Third Man,"2nd October, 2015","Himachal Pradesh Cricket Association Stadium, Dharamsala",,
7.3,1,Morris,Kohli,1,Short of a Length,Outside Off,Steer,Behind Point,"2nd October, 2015","Himachal Pradesh Cricket Association Stadium, Dharamsala",,
7.2,4,Morris,Kohli,4,Short of a Length,On the Pads,Glance,Long Leg,"2nd October, 2015","Himachal Pradesh Cricket Association Stadium, Dharamsala",,
7.1,6,Morris,Kohli,6,-,-,Loft,Long On,"2nd October, 2015","Himachal Pradesh Cricket Association Stadium, Dharamsala",,
6.5,1,Tahir,Kohli,1,-,-,Drive,Long On,"2nd October, 2015","Himachal Pradesh Cricket Association Stadium, Dharamsala",,
6.1,1,Tahir,Kohli,1,-,-,Drive,Wide Long Off,"2nd October, 2015","Himachal Pradesh Cricket Association Stadium, Dharamsala",,
5.5,1,Morris,Kohli,1,Length,Pads,Glance,Square,"2nd October, 2015","Himachal Pradesh Cricket Association Stadium, Dharamsala",,
5.1,1,Morris,Kohli,1,-,-,Hit Down the Ground,Deep Square Leg,"2nd October, 2015","Himachal Pradesh Cricket Association Stadium, Dharamsala",,
5.1,1w,Morris,Kohli,Wide,-,Outside Off,Hit Down the Ground,Deep Square Leg,"2nd October, 2015","Himachal Pradesh Cricket Association Stadium, Dharamsala",,
4.1,1,de Lange,Kohli,1,Good Length,Outside Off,Steer,Third Man,"2nd October, 2015","Himachal Pradesh Cricket Association Stadium, Dharamsala",,
3.6,1,Rabada,Kohli,1,Full Toss,Outside Off,Inside Edge,Short Fine Leg,"2nd October, 2015","Himachal Pradesh Cricket Association Stadium, Dharamsala",,
3.3,1,Rabada,Kohli,1,-,-,Steer,Third Man,"2nd October, 2015","Himachal Pradesh Cricket Association Stadium, Dharamsala",,
3.2,-,Rabada,Kohli,-,-,-,-,-,"2nd October, 2015","Himachal Pradesh Cricket Association Stadium, Dharamsala",,
4.2,1W,Rabada,Kohli,1,Full-Toss,Middle and Off,Worked Away,Deep Midwicket,"5th October, 2015","Barabati Stadium, Cuttack",,
19.6,2,Faulkner,Kohli,2,Full Toss,Pads,Hit Wide of Long-On,Couple,"26th January, 2016","Adelaide Oval, Adelaide",,
19.1,1,Faulkner,Kohli,1,Full,Pads,Drilled to Deep Midwicket,Single,"26th January, 2016","Adelaide Oval, Adelaide",,
18.6,1,Kane Richardson,Kohli,1,Down the Wicket,Yorks Himself,Hard Hit at Richardson,Single,"26th January, 2016","Adelaide Oval, Adelaide",,
18.5,2,Kane Richardson,Kohli,2,Slower Short Ball,Down the Leg Side,Deflected for Two,,"26th January, 2016","Adelaide Oval, Adelaide",,
18.4,2,Kane Richardson,Kohli,2,Yorker,Dug Out to Long-On,Steal Two on the Misfield,,"26th January, 2016","Adelaide Oval, Adelaide",,
18.3,4,Kane Richardson,Kohli,4,Short of a Length,Slower Ball,Straight,Deflected Square of Short Fine Leg,"26th January, 2016","Adelaide Oval, Adelaide",,
17.5,1,Faulkner,Kohli,1,Yorker,On the Pads,Front Edge,Single,"26th January, 2016","Adelaide Oval, Adelaide",,
17.1,1,Faulkner,Kohli,1,Length Ball,Pads,Flicked to Deep Square,Single,"26th January, 2016","Adelaide Oval, Adelaide",,
16.5,1,Kane Richardson,Kohli,1,Yorker,On Off,Dug Out for One,,"26th January, 2016","Adelaide Oval, Adelaide",,
16.4,2,Kane Richardson,Kohli,2,Slower Ball,Down the Wicket,Chipped Over Extra Cover for Two,,"26th January, 2016","Adelaide Oval, Adelaide",,
16.3,2,Kane Richardson,Kohli,2,Full Toss,Fine Leg Inside the Circle,Soft Hands to Long-On,Steal Two,"26th January, 2016","Adelaide Oval, Adelaide",,
16.2,2,Kane Richardson,Kohli,2,Slower Ball,On a Length,Middle and Leg,Played with Soft Hands to Long-On,"26th January, 2016","Adelaide Oval, Adelaide",,
15.6,0,Tait,Kohli,0,Nearly a Yorker,Dug Out to Extra Cover,Decide Against the Single,,"26th January, 2016","Adelaide Oval, Adelaide",,
15.4,1,Tait,Kohli,1,Rapid Short Ball,Pulled to Long-On for One,,,"26th January, 2016","Adelaide Oval, Adelaide",,
15.2,1,Tait,Kohli,1,Yorker,Dug Out for One,,,"26th January, 2016","Adelaide Oval, Adelaide",,
15.1,6,Tait,Kohli,6,Short Square Boundary,Small Six,Hook,Off the Toes,"26th January, 2016","Adelaide Oval, Adelaide",,
14.6,1,Watson,Kohli,1,Driven to Deep Cover for One,,,,"26th January, 2016","Adelaide Oval, Adelaide",,
14.5,4,Watson,Kohli,4,Length Ball,Around Off,Wristed Wide of Long-On for Four,,"26th January, 2016","Adelaide Oval, Adelaide",,
14.4,4,Watson,Kohli,4,Full Ball,All Along the Carpet,Through Extra Cover for Four,,"26th January, 2016","Adelaide Oval, Adelaide",,
14.3,0,Watson,Kohli,0,Lovely Slower Bouncer,Kohli's Hook Beaten,Not Wide,Not Happy with the Call,"26th January, 2016","Adelaide Oval, Adelaide",,
14.1,1,Watson,Kohli,1,Short of a Length,Slower Ball,Run to Short Third for One,,"26th January, 2016","Adelaide Oval, Adelaide",,
13.5,1,Kane Richardson,Kohli,1,Slower Length Ball,Pushed Past Point for One,,,"26th January, 2016","Adelaide Oval, Adelaide",,
13.4,0,Kane Richardson,Kohli,0,Full Toss Outside Off,Kohli Leaves the Crease,slog and slog sweep,,"26th January, 2016","Adelaide Oval, Adelaide",,
13.3,2,Kane Richardson,Kohli,2,Full and Low,Pushed Towards Long-On with Soft Hands,upper cut,Fifty Up,"26th January, 2016","Adelaide Oval, Adelaide",,
13.2,4,Kane Richardson,Kohli,4,Even Shorter,Rocks Back and Cuts It Past Point for Four,Switch hit,,"26th January, 2016","Adelaide Oval, Adelaide",,
13.1,4,Kane Richardson,Kohli,4,Short of a Length,Wide,Scoop/ramp,Really Powerful,"26th January, 2016","Adelaide Oval, Adelaide",,
12.5,1,Watson,Kohli,1,Full Outside Off,Driven to Long-Off for One,Helicopter shot,,"26th January, 2016","Adelaide Oval, Adelaide",,
12.4,4,Watson,Kohli,4,Short of a Length,Kohli Done in a Little,French cut,,"26th January, 2016","Adelaide Oval, Adelaide",,
12.1,1,Watson,Kohli,1,Short,Into the Hip,Hook shot,,"26th January, 2016","Adelaide Oval, Adelaide",,
11.6,1,Boyce,Kohli,1,Half-Volley,On the Pads,Pull shot,,"26th January, 2016","Adelaide Oval, Adelaide",,
11.5,0,Boyce,Kohli,0,Legbreak Doesn't Turn,Hits Inside Half of the Bat,Square cut,,"26th January, 2016","Adelaide Oval, Adelaide",,
11.3,1,Boyce,Kohli,1,Better Cleaner Hit,Along the Ground to Long-Off for One,Back defence,,"26th January, 2016","Adelaide Oval, Adelaide",,
11.2,6,Boyce,Kohli,6,Not Quite to the Pitch of the Legbreak,Not Clean Out of the Screws,Off drive,Evades the Fielder,"26th January, 2016","Adelaide Oval, Adelaide",,
10.6,2,Head,Kohli,2,Worked Towards Deep Midwicket,Raina Steals the Second,Straight drive,,"26th January, 2016","Adelaide Oval, Adelaide",,
10.5,0,Head,Kohli,0,Not to the Pitch of the Ball ,Drives Hard,On drive,,"26th January, 2016","Adelaide Oval, Adelaide",,
10.3,1,Head,Kohli,1,Length Ball,On the Pads,Sweep shot,,"26th January, 2016","Adelaide Oval, Adelaide",,
10.2,4,Head,Kohli,4,Short of a Length,Outside Off,Forward defence,Punched Powerfully Past Extra Cover for Four,"26th January, 2016","Adelaide Oval, Adelaide",,
9.5,1,Boyce,Kohli,1,Down the Wicket,Too Close to the Pitch of the Ball,Cut,Single to Long Leg,"26th January, 2016","Adelaide Oval, Adelaide",,
9.3,1,Boyce,Kohli,1,Down the Wicket,Beaten in the Flight,Reverse sweep,,"26th January, 2016","Adelaide Oval, Adelaide",,
9.2,0,Boyce,Kohli,0,Stays Back to a Length Ball,Cut Goes Straight to Point,slog and slog sweep,,"26th January, 2016","Adelaide Oval, Adelaide",,
9.1,0,Boyce,Kohli,0,Yorker,Extra Cover Fields,upper cut,,"26th January, 2016","Adelaide Oval, Adelaide",,
8.6,1,Faulkner,Kohli,1, Pull from Head High,Doesn't Go Up in the Air,Switch hit,,"26th January, 2016","Adelaide Oval, Adelaide",,
8.3,1,Faulkner,Kohli,1,Down the Wicket,Drive to Long-Off for One,Scoop/ramp,,"26th January, 2016","Adelaide Oval, Adelaide",,
7.5,1,Boyce,Kohli,1,Flatter,Punched into the Leg Side,Helicopter shot,,"26th January, 2016","Adelaide Oval, Adelaide",,
7.4,4,Boyce,Kohli,4,Down the Wicket,Half-Beaten in the Flight,slog and slog sweep,Over Extra Cover,"26th January, 2016","Adelaide Oval, Adelaide",,
7.2,1,Boyce,Kohli,1,Short of a Length,Cut Away,upper cut,,"26th January, 2016","Adelaide Oval, Adelaide",,
6.6,0,Watson,Kohli,0, Shortish Ball Outside Off,But Is Beaten,Switch hit,,"26th January, 2016","Adelaide Oval, Adelaide",,
19.6,1,Tye,Kohli,1,Length,Outside Off,Scoop/ramp,How can a team display such good awareness one ball and then not even try the second run next ball? Raina was happy to sacrifice his wicket on the fifth ball of the over,"29th January, 2016","Melbourne Cricket Ground, Melbourne",,
19.5,2,Tye,Kohli,2,Full,Outside Off,Helicopter shot,Tye has missed an easy run-out. Hit straight to long-on,"29th January, 2016","Melbourne Cricket Ground, Melbourne",,
19.3,1,Tye,Kohli,1,Full and Straight,Outside Off,French cut,Length ball,"29th January, 2016","Melbourne Cricket Ground, Melbourne",,
19.2,2,Tye,Kohli,2,Down Leg Side,-,Hook shot,Kohli is down the wicket,"29th January, 2016","Melbourne Cricket Ground, Melbourne",,
19.1,4,Tye,Kohli,4,Good Length,-,Pull shot,Nicely bowled by Tye but what an incredible shot from Kohli to bring up his fifty. He is down the wicket,"29th January, 2016","Melbourne Cricket Ground, Melbourne",,
18.6,1,Faulkner,Kohli,1,Full Toss,Middle and Off,Square cut,Slower bouncer down the leg side,"29th January, 2016","Melbourne Cricket Ground, Melbourne",,
18.4,1,Faulkner,Kohli,1,Good Length,Pads,Back defence,Short of a length,"29th January, 2016","Melbourne Cricket Ground, Melbourne",,
17.4,1,Boland,Kohli,1,-,Pads,Off drive,Slower short ball,"29th January, 2016","Melbourne Cricket Ground, Melbourne",,
17.3,4,Boland,Kohli,4,Flat and Fast,Yorks Himself,Straight drive,Recovers well again. Kohli jumps at Boland who seems to have done him in with a wider slower ball,"29th January, 2016","Melbourne Cricket Ground, Melbourne",,
17.2,2,Boland,Kohli,2,-,Down the Leg Side,On drive,Nearly a yorker,"29th January, 2016","Melbourne Cricket Ground, Melbourne",, 
17.1,2,Boland,Kohli,2,-,Dug Out to Long-On,Sweep shot,Slower ball,"29th January, 2016","Melbourne Cricket Ground, Melbourne",,
16.6,1,Tye,Kohli,1,Full,Slower Ball,Forward defence,On a length,"29th January, 2016","Melbourne Cricket Ground, Melbourne",,
16.5,4,Tye,Kohli,4,-,On the Pads,Cut,Tye might have thought for a moment he has done Kohli in with a wide full ball as Kohli makes room,"29th January, 2016","Melbourne Cricket Ground, Melbourne",,
16.2,1,Tye,Kohli,1,Flat,Pads,Reverse sweep,Low full toss,"29th January, 2016","Melbourne Cricket Ground, Melbourne",,
16.1,,Tye,Kohli,,Good Length,On Off,slog and slog sweep,,"29th January, 2016","Melbourne Cricket Ground, Melbourne",,
15.6,1W,Watson,Kohli,1,Wide,Down the Wicket,upper cut,Another run-out between Kohli and Sharma. Low full toss hit towards deep midwicket. Sharma runs back for the second,"29th January, 2016","Melbourne Cricket Ground, Melbourne",,
15.4,1,Watson,Kohli,1,-,Fine Leg Inside the Circle,Switch hit,Slower bouncer,"29th January, 2016","Melbourne Cricket Ground, Melbourne",,
15.2,1,Watson,Kohli,1,Outside Off,On a Length,Scoop/ramp,Yorker,"29th January, 2016","Melbourne Cricket Ground, Melbourne",,
15.1,4,Watson,Kohli,4,Short of a Length,Dug Out to Extra Cover,Helicopter shot,Lovely placement again. Kohli jumps out of the crease,"29th January, 2016","Melbourne Cricket Ground, Melbourne",,
14.6,1,Boland,Kohli,1,Short of a Length,Pulled to Long-On for One,French cut,Fine,"29th January, 2016","Melbourne Cricket Ground, Melbourne",,
14.5,,Boland,Kohli,,-,Dug Out for One,Hook shot,Square,"29th January, 2016","Melbourne Cricket Ground, Melbourne",,
14.4,6,Boland,Kohli,6,-,On a Length,Pull shot,Thirdman,"29th January, 2016","Melbourne Cricket Ground, Melbourne",,
14.3,2,Boland,Kohli,2,-,,Square cut,Gully,"29th January, 2016","Melbourne Cricket Ground, Melbourne",,
13.6,4,Hastings,Kohli,4,Length,Off Stump,Back defence,Cover,"29th January, 2016","Melbourne Cricket Ground, Melbourne",,
13.5,,Hastings,Kohli,,-,OutsideOff,Off drive,point,"29th January, 2016","Melbourne Cricket Ground, Melbourne",,
13.4,4,Hastings,Kohli,4,-,Tight line,Straight drive,Mid-off,"29th January, 2016","Melbourne Cricket Ground, Melbourne",,
13.3,4,Hastings,Kohli,4,Good Length, bit of turn ,On drive,,"29th January, 2016","Melbourne Cricket Ground, Melbourne",,
13.2,,Hastings,Kohli,,Full Toss,Shorter length,Sweep shot,,"29th January, 2016","Melbourne Cricket Ground, Melbourne",,
12.5,1,Tye,Kohli,1,-,Off Stump,Forward defence,Square,"29th January, 2016","Melbourne Cricket Ground, Melbourne",,
12.4,2,Tye,Kohli,2,-,gallop down the pitch,Cut,Thirdman,"29th January, 2016","Melbourne Cricket Ground, Melbourne",,
12.3,,Tye,Kohli,,Full-Toss,Tight line,Reverse sweep,Gully,"29th January, 2016","Melbourne Cricket Ground, Melbourne",,
12.2,,Tye,Kohli,,Full Toss,Off Stump,slog and slog sweep,Cover,"29th January, 2016","Melbourne Cricket Ground, Melbourne",,
11.4,1,Watson,Kohli,1,Full,Shorter length,upper cut,point,"29th January, 2016","Melbourne Cricket Ground, Melbourne",,
11.3,0,Watson,Kohli,0,Down the Wicket,Outside Off,Switch hit,Mid-off,"29th January, 2016","Melbourne Cricket Ground, Melbourne",,
11.2,1,Watson,Kohli,1,Slower Short Ball,Outside Off,Scoop/ramp,Mid-on,"29th January, 2016","Melbourne Cricket Ground, Melbourne",,
14.5,W,Boyce,Kohli,,Yorker,-,Helicopter shot,Deep,"31st January, 2016","Melbourne Cricket Ground, Melbourne",,
14.4,2,Boyce,Kohli,2,Short of a Length,-,French cut,Long off,"31st January, 2016","Melbourne Cricket Ground, Melbourne",,
14.3,2,Boyce,Kohli,2,Yorker,Middle and Off,Hook shot,Long on,"31st January, 2016","Melbourne Cricket Ground, Melbourne",,
14.2,,Boyce,Kohli,,Length Ball,Pads,Pull shot,Straight,"31st January, 2016","Melbourne Cricket Ground, Melbourne",,
14.1,4,Boyce,Kohli,4,Yorker,Pads,Square cut,Straight hit,"31st January, 2016","Melbourne Cricket Ground, Melbourne",,
13.4,1,Tait,Kohli,1,Slower Ball,Yorks Himself,Back defence,Wide,"31st January, 2016","Melbourne Cricket Ground, Melbourne",,
13.3,,Tait,Kohli,,Full Toss,Down the Leg Side,Off drive,Square,"31st January, 2016","Melbourne Cricket Ground, Melbourne",,
13.1,1,Tait,Kohli,1,Slower Ball,Dug Out to Long-On,Straight drive,Fine,"31st January, 2016","Melbourne Cricket Ground, Melbourne",,
12.2,1,Boyce,Kohli,1,Nearly a Yorker,Slower Ball,On drive,Square,"31st January, 2016","Melbourne Cricket Ground, Melbourne",,
11.5,1,Boland,Kohli,1,Rapid Short Ball,On the Pads,Sweep shot,Thirdman,"31st January, 2016","Melbourne Cricket Ground, Melbourne",,
11.4,2,Boland,Kohli,2,Yorker,Pads,Forward defence,Gully,"31st January, 2016","Melbourne Cricket Ground, Melbourne",,
11.1,1,Boland,Kohli,1,Short Square Boundary,On Off,Cut,Cover,"31st January, 2016","Melbourne Cricket Ground, Melbourne",,
10.6,1,Maxwell,Kohli,1,Driven to Deep Cover for One,Down the Wicket,Reverse sweep,point,"31st January, 2016","Melbourne Cricket Ground, Melbourne",,
10.2,1,Maxwell,Kohli,1,Length Ball,Fine Leg Inside the Circle,slog and slog sweep,Mid-off,"31st January, 2016","Melbourne Cricket Ground, Melbourne",,
9.5,1,Tait,Kohli,1,Full Ball,On a Length,upper cut,,"31st January, 2016","Melbourne Cricket Ground, Melbourne",,
9.4,2,Tait,Kohli,2,Lovely Slower Bouncer,Dug Out to Extra Cover,Switch hit,Square,"31st January, 2016","Melbourne Cricket Ground, Melbourne",,
9.1,1,Tait,Kohli,1,Short of a Length,Pulled to Long-On for One,Scoop/ramp,Thirdman,"31st January, 2016","Melbourne Cricket Ground, Melbourne",,
8.6,1,Boyce,Kohli,1,Slower Length Ball,Dug Out for One,Helicopter shot,Gully,"31st January, 2016","Melbourne Cricket Ground, Melbourne",,
8.1,1,Boyce,Kohli,1,Full Toss Outside Off,Small Six,French cut,Cover,"31st January, 2016","Melbourne Cricket Ground, Melbourne",,
7.6,1,Watson,Kohli,1,Full and Low,,Hook shot,point,"31st January, 2016","Melbourne Cricket Ground, Melbourne",,
7.4,1,Watson,Kohli,1,Even Shorter,Off Stump,Pull shot,Mid-off,"31st January, 2016","Melbourne Cricket Ground, Melbourne",,
7.3,2,Watson,Kohli,2,Short of a Length,OutsideOff,Square cut,Mid-on,"31st January, 2016","Melbourne Cricket Ground, Melbourne",,
6.6,,Boyce,Kohli,,Full Outside Off,Tight line,Back defence,Deep,"31st January, 2016","Melbourne Cricket Ground, Melbourne",,
6.4,3,Boyce,Kohli,3,Short of a Length, bit of turn ,Off drive,Long off,"31st January, 2016","Melbourne Cricket Ground, Melbourne",,
6.3,,Boyce,Kohli,,Short,Shorter length,slog and slog sweep,Long on,"31st January, 2016","Melbourne Cricket Ground, Melbourne",,
6.2,2,Boyce,Kohli,2,Rapid Short Ball,Off Stump,upper cut,Straight,"31st January, 2016","Melbourne Cricket Ground, Melbourne",,
5.6,2,Tye,Kohli,2,Yorker,gallop down the pitch,Switch hit,Straight hit,"31st January, 2016","Melbourne Cricket Ground, Melbourne",,
5.5,2,Tye,Kohli,2,Short Square Boundary,Tight line,Scoop/ramp,Wide,"31st January, 2016","Melbourne Cricket Ground, Melbourne",,
5.4,6,Tye,Kohli,6,Driven to Deep Cover for One,Off Stump,Helicopter shot,Square,"31st January, 2016","Melbourne Cricket Ground, Melbourne",,
5.3,2,Tye,Kohli,2,Length Ball,Shorter length,French cut,Fine,"31st January, 2016","Melbourne Cricket Ground, Melbourne",,
5.2,,Tye,Kohli,4,Full Ball,Off Stump,Hook shot,Square,"31st January, 2016","Melbourne Cricket Ground, Melbourne",,
5.1,,Tye,Kohli,3,Lovely Slower Bouncer,OutsideOff,Pull shot,Thirdman,"31st January, 2016","Melbourne Cricket Ground, Melbourne",,
4.2,1,Boland,Kohli,1,Short of a Length,Tight line,Square cut,Gully,"31st January, 2016","Melbourne Cricket Ground, Melbourne",,
4.2,1w,Boland,Kohli,1,Slower Length Ball, bit of turn ,Back defence,Cover,"31st January, 2016","Melbourne Cricket Ground, Melbourne",,
4.1,4,Boland,Kohli,4,Full Toss Outside Off,Shorter length,Off drive,point,"31st January, 2016","Melbourne Cricket Ground, Melbourne",,
3.4,1,Watson,Kohli,1,Full and Low,Off Stump,Straight drive,Mid-off,"31st January, 2016","Melbourne Cricket Ground, Melbourne",,
3.3,,Watson,Kohli,2,Even Shorter,gallop down the pitch,On drive,,"31st January, 2016","Melbourne Cricket Ground, Melbourne",,
4.3,W,Mortaza,Kohli,1,mid-off,Tight line,Sweep shot,Square,"24th February, 2016","Shere Bangla National Stadium, Mirpur, Dhaka",,
3.6,,Mustafizur,Kohli,1,Good Length,Off Stump,Forward defence,Thirdman,"24th February, 2016","Shere Bangla National Stadium, Mirpur, Dhaka",,
3.5,,Mustafizur,Kohli,2, outside off,Shorter length,Cut,Gully,"24th February, 2016","Shere Bangla National Stadium, Mirpur, Dhaka",,
3.4,2,Mustafizur,Kohli,6,outside off,Off Stump,Reverse sweep,Cover,"24th February, 2016","Shere Bangla National Stadium, Mirpur, Dhaka",,
3.3,,Mustafizur,Kohli,6, Straight ,OutsideOff,slog and slog sweep,point,"24th February, 2016","Shere Bangla National Stadium, Mirpur, Dhaka",,
3.2,,Mustafizur,Kohli,4, leg stump,Tight line,upper cut,Mid-off,"24th February, 2016","Shere Bangla National Stadium, Mirpur, Dhaka",,
3.1,,Mustafizur,Kohli,3, Flat , bit of turn ,Switch hit,Mid-on,"24th February, 2016","Shere Bangla National Stadium, Mirpur, Dhaka",,
3.1,1w,Mustafizur,Kohli,2, Straight,Shorter length,Scoop/ramp,Deep,"24th February, 2016","Shere Bangla National Stadium, Mirpur, Dhaka",,
2.4,1lb,Taskin,Kohli,2, Flat offbreak,Off Stump,Helicopter shot,Long off,"24th February, 2016","Shere Bangla National Stadium, Mirpur, Dhaka",,
2.3,4,Taskin,Kohli,3, outside off,gallop down the pitch,French cut,Long on,"24th February, 2016","Shere Bangla National Stadium, Mirpur, Dhaka",,
2.2,,Taskin,Kohli,3, Googly,Tight line,Hook shot,Straight,"24th February, 2016","Shere Bangla National Stadium, Mirpur, Dhaka",,
2.1,,Taskin,Kohli,4, Touch short,Off Stump,Pull shot,Straight hit,"24th February, 2016","Shere Bangla National Stadium, Mirpur, Dhaka",,
1.4,1,Al-Amin,Kohli,3, Looped up,Shorter length,Square cut,Wide,"24th February, 2016","Shere Bangla National Stadium, Mirpur, Dhaka",,
8.1,W,Sodhi,Kohli,0, outside off,Outside off,Back defence,Square,"15th March, 2016","Vidarbha Cricket Association Stadium, Nagpur",,
7.5,1,Elliott,Kohli,1, middle ,Tossed up,Off drive,Fine,"15th March, 2016","Vidarbha Cricket Association Stadium, Nagpur",,
7.4,2,Elliott,Kohli,1, outside off,Turning outside off,Straight drive,Square,"15th March, 2016","Vidarbha Cricket Association Stadium, Nagpur",,
7.3,,Elliott,Kohli,4, outside off,FullToss,On drive,Thirdman,"15th March, 2016","Vidarbha Cricket Association Stadium, Nagpur",,
7.1,1,Elliott,Kohli,1, Straight,Turning outside off,Sweep shot,Gully,"15th March, 2016","Vidarbha Cricket Association Stadium, Nagpur",,
7.1w,1 wide,Elliott,Kohli,4, leg stump,Tight line,Forward defence,Cover,"15th March, 2016","Vidarbha Cricket Association Stadium, Nagpur",,
6.6,1,Milne,Kohli,2, middle,Outside off,Cut,point,"15th March, 2016","Vidarbha Cricket Association Stadium, Nagpur",,
6.4,1,Milne,Kohli,0, Straight,Off Stump,Reverse sweep,Mid-off,"15th March, 2016","Vidarbha Cricket Association Stadium, Nagpur",,
6.3,,Milne,Kohli,2, offbreak,Outside off,slog and slog sweep,,"15th March, 2016","Vidarbha Cricket Association Stadium, Nagpur",,
6.2,,Milne,Kohli,1, outside off,Tight line,upper cut,Square,"15th March, 2016","Vidarbha Cricket Association Stadium, Nagpur",,
6.1,,Milne,Kohli,0, googly,A bit of turn again,Switch hit,Thirdman,"15th March, 2016","Vidarbha Cricket Association Stadium, Nagpur",,
6.1nb,no ball,Milne,Kohli,1,short,Another yorker on leg,Scoop/ramp,Gully,"15th March, 2016","Vidarbha Cricket Association Stadium, Nagpur",,
5.6,1,Elliott,Kohli,1, googly,A high full toss on middle,Helicopter shot,Cover,"15th March, 2016","Vidarbha Cricket Association Stadium, Nagpur",,
5.3,1,Elliott,Kohli,1, Full ,Full and straight,French cut,point,"15th March, 2016","Vidarbha Cricket Association Stadium, Nagpur",,
5.2,,Elliott,Kohli,0, outside off,Full and wide outside off,Hook shot,Mid-off,"15th March, 2016","Vidarbha Cricket Association Stadium, Nagpur",,
5.1,,Elliott,Kohli,4,middle,Full and very wide outside off,Pull shot,Mid-on,"15th March, 2016","Vidarbha Cricket Association Stadium, Nagpur",,
4.2,1,McCullum,Kohli,1, outside off,Full and wide again,Square cut,Deep,"15th March, 2016","Vidarbha Cricket Association Stadium, Nagpur",,
4.1,,McCullum,Kohli,0, outside off,A thick outside edge races down to the third man boundary. Full and wide,Back defence,Long off,"15th March, 2016","Vidarbha Cricket Association Stadium, Nagpur",,
3.5,1,Anderson,Kohli,1,Looped up,Full and straight,Off drive,Long on,"15th March, 2016","Vidarbha Cricket Association Stadium, Nagpur",,
3.4,4,Anderson,Kohli,0,outside off,Superb yorker,Straight drive,Straight,"15th March, 2016","Vidarbha Cricket Association Stadium, Nagpur",,
3.3,,Anderson,Kohli, 1w, middle ,Another low full toss,On drive,Straight hit,"15th March, 2016","Vidarbha Cricket Association Stadium, Nagpur",,
3.2,4,Anderson,Kohli,1, outside off,A low full toss down leg,Sweep shot,Wide,"15th March, 2016","Vidarbha Cricket Association Stadium, Nagpur",,
3.1,,Anderson,Kohli,4, outside off,A high full toss on middle,Forward defence,Square,"15th March, 2016","Vidarbha Cricket Association Stadium, Nagpur",,
2.4,1,Santner,Kohli,1,Straight,Full and straight,Cut,Fine,"15th March, 2016","Vidarbha Cricket Association Stadium, Nagpur",,
1.6,,Anderson,Kohli,1,leg stump,Full and wide outside off,Reverse sweep,Square,"15th March, 2016","Vidarbha Cricket Association Stadium, Nagpur",,
1.2,1,Anderson,Kohli, W,Flat,Full and very wide outside off,slog and slog sweep,Thirdman,"15th March, 2016","Vidarbha Cricket Association Stadium, Nagpur",,
1.1,2,Anderson,Kohli,0,Straight ,A high full toss on middle,upper cut,Gully,"15th March, 2016","Vidarbha Cricket Association Stadium, Nagpur",,
0.6,1,McCullum,Kohli,2,offbreak,Full and straight,Switch hit,Cover,"15th March, 2016","Vidarbha Cricket Association Stadium, Nagpur",,
15.3,1,Irfan,Kohli,1, outside off,Off Stump,Scoop/ramp,point,"19th March, 2016","Eden Gardens, Kolkata",,
15.2,4,Irfan,Kohli,0, googly,Outside off,Helicopter shot,Mid-off,"19th March, 2016","Eden Gardens, Kolkata",,
14.6,,Afridi,Kohli,1,short ,Tossed up,French cut,,"19th March, 2016","Eden Gardens, Kolkata",,
14.3,1,Afridi,Kohli,1, googly,Turning outside off,Hook shot,,"19th March, 2016","Eden Gardens, Kolkata",,
14.2,4,Afridi,Kohli,1,Full ,FullToss,Pull shot,Square,"19th March, 2016","Eden Gardens, Kolkata",,
13.6,4,Amir,Kohli,0, outside off,Turning outside off,Square cut,Thirdman,"19th March, 2016","Eden Gardens, Kolkata",,
13.5,,Amir,Kohli,4, outside off,Tight line,Back defence,Gully,"19th March, 2016","Eden Gardens, Kolkata",,
13.3,1,Amir,Kohli,1,Good Length,Outside off,Off drive,Cover,"19th March, 2016","Eden Gardens, Kolkata",,
13.1,1,Amir,Kohli,0,outside off,Off Stump,slog and slog sweep,point,"19th March, 2016","Eden Gardens, Kolkata",,
12.6,1,Afridi,Kohli,1,short,Outside off,upper cut,Mid-off,"19th March, 2016","Eden Gardens, Kolkata",,
12.4,1,Afridi,Kohli,0,googly,Tight line,Switch hit,Mid-on,"19th March, 2016","Eden Gardens, Kolkata",,
12.3,,Afridi,Kohli,1 wide,Full length,A bit of turn again,Scoop/ramp,Deep,"19th March, 2016","Eden Gardens, Kolkata",,
12.2,,Afridi,Kohli,1,Good Length,Another yorker on leg,Helicopter shot,Long off,"19th March, 2016","Eden Gardens, Kolkata",,
12.1,4,Afridi,Kohli,4,Back of a length,A high full toss on middle,French cut,Long on,"19th March, 2016","Eden Gardens, Kolkata",,
11.5,1,Wahab Riaz,Kohli,1,short,Full and straight,Hook shot,Straight,"19th March, 2016","Eden Gardens, Kolkata",,
11.3,1,Wahab Riaz,Kohli,OUT,googly,Full and wide outside off,Pull shot,Straight hit,"19th March, 2016","Eden Gardens, Kolkata",,
10.6,,Malik,Kohli,1,Full length,Full and very wide outside off,Square cut,Wide,"19th March, 2016","Eden Gardens, Kolkata",,
10.5,4,Malik,Kohli,1w,Good Length,Full and wide again,Back defence,Square,"19th March, 2016","Eden Gardens, Kolkata",,
10.4,,Malik,Kohli,1,Back of a length,A thick outside edge races down to the third man boundary. Full and wide,Off drive,Fine,"19th March, 2016","Eden Gardens, Kolkata",,
10.3,6,Malik,Kohli,0,Full and straight,Full and straight,Straight drive,Fine,"19th March, 2016","Eden Gardens, Kolkata",,
10.1,1,Malik,Kohli,1,Fired in on off,Superb yorker,On drive,Square,"19th March, 2016","Eden Gardens, Kolkata",,
9.6,,Wahab Riaz,Kohli,1,Short,Another low full toss,Sweep shot,Thirdman,"19th March, 2016","Eden Gardens, Kolkata",,
9.2,1,Wahab Riaz,Kohli,1,short,A low full toss down leg,Forward defence,Gully,"19th March, 2016","Eden Gardens, Kolkata",,
9.1,4,Wahab Riaz,Kohli,1,googly,A high full toss on middle,Cut,Cover,"19th March, 2016","Eden Gardens, Kolkata",,
8.3,1,Malik,Kohli,0,Full length,Full and straight,Reverse sweep,point,"19th March, 2016","Eden Gardens, Kolkata",,
8.3,1w,Malik,Kohli,1,Good Length,Full and wide outside off,slog and slog sweep,Mid-off,"19th March, 2016","Eden Gardens, Kolkata",,
8.1,1,Malik,Kohli,1,Back of a length,Full and very wide outside off,upper cut,,"19th March, 2016","Eden Gardens, Kolkata",,
7.6,1,Afridi,Kohli,0,short,A high full toss on middle,Switch hit,,"19th March, 2016","Eden Gardens, Kolkata",,
7.4,1,Afridi,Kohli,1,googly,Full and straight,Scoop/ramp,Square,"19th March, 2016","Eden Gardens, Kolkata",,
7.2,1,Afridi,Kohli,2,Full length,Off Stump,Helicopter shot,Thirdman,"19th March, 2016","Eden Gardens, Kolkata",,
6.6,,Sami,Kohli,2,Good Length,,French cut,Gully,"19th March, 2016","Eden Gardens, Kolkata",,
6.5,2,Sami,Kohli,1,Back of a length,Tight line,Hook shot,Cover,"19th March, 2016","Eden Gardens, Kolkata",,
6.2,1,Sami,Kohli,1,short,A bit of turn ,Pull shot,point,"19th March, 2016","Eden Gardens, Kolkata",,
6.1,4,Sami,Kohli,4,googly,Shorter length,Square cut,Mid-off,"19th March, 2016","Eden Gardens, Kolkata",,
5.3,1,Afridi,Kohli,2,Full length,Outside off,Back defence,Mid-on,"19th March, 2016","Eden Gardens, Kolkata",,
5.1,1,Afridi,Kohli,1,Good Length,Tossed up,Off drive,Deep,"19th March, 2016","Eden Gardens, Kolkata",,
3.6,,Irfan,Kohli,1,Back of a length,Turning outside off,Straight drive,Long off,"19th March, 2016","Eden Gardens, Kolkata",,
3.1,1,Irfan,Kohli,1,short,FullToss,On drive,Long on,"19th March, 2016","Eden Gardens, Kolkata",,
13.4,W,Shuvagata Hom,Kohli,0,googly,FullToss,Sweep shot,Straight,"23rd March, 2016","M Chinnaswamy Stadium, Bengaluru, Bangalore",,
13.3,6,Shuvagata Hom,Kohli,2,Full length,Banged in short again,Forward defence,Straight hit,"23rd March, 2016","M Chinnaswamy Stadium, Bengaluru, Bangalore",,
12.5,1,Shakib,Kohli,1,Good Length, beats the inside edge,Cut,Wide,"23rd March, 2016","M Chinnaswamy Stadium, Bengaluru, Bangalore",,
12.4,,Shakib,Kohli,2,Back of a length,Off Stump,Reverse sweep,Square,"23rd March, 2016","M Chinnaswamy Stadium, Bengaluru, Bangalore",,
12.2,1,Shakib,Kohli,1,short,FullToss,slog and slog sweep,Fine,"23rd March, 2016","M Chinnaswamy Stadium, Bengaluru, Bangalore",,
11.5,1,Mortaza,Kohli,0,googly,Tight line,upper cut,Square,"23rd March, 2016","M Chinnaswamy Stadium, Bengaluru, Bangalore",,
11.3,1,Mortaza,Kohli,1,Full length,,Switch hit,Thirdman,"23rd March, 2016","M Chinnaswamy Stadium, Bengaluru, Bangalore",,
11.2,2,Mortaza,Kohli,0,Good Length,Shorter length,Scoop/ramp,Gully,"23rd March, 2016","M Chinnaswamy Stadium, Bengaluru, Bangalore",,
11.1,,Mortaza,Kohli,1,Back of a length,Outside off,Helicopter shot,Cover,"23rd March, 2016","M Chinnaswamy Stadium, Bengaluru, Bangalore",,
10.2,1,Al-Amin,Kohli,1,short, outside off,French cut,point,"23rd March, 2016","M Chinnaswamy Stadium, Bengaluru, Bangalore",,
9.5,1,Mortaza,Kohli,1,googly,Shortish on off stump,Hook shot,Mid-off,"23rd March, 2016","M Chinnaswamy Stadium, Bengaluru, Bangalore",,
9.4,2,Mortaza,Kohli,2,Full length,Tossed up,Pull shot,,"23rd March, 2016","M Chinnaswamy Stadium, Bengaluru, Bangalore",,
9.2,1,Mortaza,Kohli,1,Good Length,Off Stump,Square cut,Square,"23rd March, 2016","M Chinnaswamy Stadium, Bengaluru, Bangalore",,
8.6,,Shuvagata Hom,Kohli,1,Back of a length,OutsideOff,Back defence,Thirdman,"23rd March, 2016","M Chinnaswamy Stadium, Bengaluru, Bangalore",,
8.5,,Shuvagata Hom,Kohli,0,short,Tight line,Off drive,Gully,"23rd March, 2016","M Chinnaswamy Stadium, Bengaluru, Bangalore",,
8.4,,Shuvagata Hom,Kohli,1,googly, bit of turn ,Straight drive,Cover,"23rd March, 2016","M Chinnaswamy Stadium, Bengaluru, Bangalore",,
8.3,2,Shuvagata Hom,Kohli,4,Full length,Shorter length,On drive,point,"23rd March, 2016","M Chinnaswamy Stadium, Bengaluru, Bangalore",,
8.2,,Shuvagata Hom,Kohli,1,Good Length,Off Stump,Sweep shot,Mid-off,"23rd March, 2016","M Chinnaswamy Stadium, Bengaluru, Bangalore",,
7.2,1,Mortaza,Kohli,1,Back of a length,gallop down the pitch,Forward defence,Mid-on,"23rd March, 2016","M Chinnaswamy Stadium, Bengaluru, Bangalore",,
7.1,2,Mortaza,Kohli,1,short,Tight line,Cut,Deep,"23rd March, 2016","M Chinnaswamy Stadium, Bengaluru, Bangalore",,
6.5,1,Shakib,Kohli,4,googly,Off Stump,Reverse sweep,Long off,"23rd March, 2016","M Chinnaswamy Stadium, Bengaluru, Bangalore",,
6.3,1,Shakib,Kohli,4,Full length,Shorter length,slog and slog sweep,Long on,"23rd March, 2016","M Chinnaswamy Stadium, Bengaluru, Bangalore",,
6.2,,Shakib,Kohli,1,Good Length,Outside off,upper cut,Straight,"23rd March, 2016","M Chinnaswamy Stadium, Bengaluru, Bangalore",,
6.1,,Shakib,Kohli,1,Back of a length,Tossed up,Switch hit,Straight hit,"23rd March, 2016","M Chinnaswamy Stadium, Bengaluru, Bangalore",,
18.6,4,Coulter-Nile,Kohli,1,short,Turning outside off,Scoop/ramp,Wide,"27th March, 2016","Punjab Cricket Association IS Bindra Stadium, Mohali, Chandigarh",,
18.5,,Coulter-Nile,Kohli,6,googly,FullToss,Helicopter shot,Square,"27th March, 2016","Punjab Cricket Association IS Bindra Stadium, Mohali, Chandigarh",,
18.4,4,Coulter-Nile,Kohli,0,Full length,Turning outside off,French cut,Fine,"27th March, 2016","Punjab Cricket Association IS Bindra Stadium, Mohali, Chandigarh",,
18.3,4,Coulter-Nile,Kohli,1,Good Length,Tight line,Hook shot,Square,"27th March, 2016","Punjab Cricket Association IS Bindra Stadium, Mohali, Chandigarh",,
18.2,4,Coulter-Nile,Kohli,0,Back of a length,Outside off,Pull shot,Thirdman,"27th March, 2016","Punjab Cricket Association IS Bindra Stadium, Mohali, Chandigarh",,
18.1,,Coulter-Nile,Kohli,0,short,Off Stump,Square cut,Gully,"27th March, 2016","Punjab Cricket Association IS Bindra Stadium, Mohali, Chandigarh",,
17.5,1lb,Faulkner,Kohli,1,googly,Outside off,Back defence,Cover,"27th March, 2016","Punjab Cricket Association IS Bindra Stadium, Mohali, Chandigarh",,
17.4,2,Faulkner,Kohli,2,Full length,Tight line,Off drive,point,"27th March, 2016","Punjab Cricket Association IS Bindra Stadium, Mohali, Chandigarh",,
17.3,6,Faulkner,Kohli,2,Good Length,A bit of turn again,,Mid-off,"27th March, 2016","Punjab Cricket Association IS Bindra Stadium, Mohali, Chandigarh",,
17.2,4,Faulkner,Kohli,1,Back of a length,Another yorker on leg,slog and slog sweep,,"27th March, 2016","Punjab Cricket Association IS Bindra Stadium, Mohali, Chandigarh",,
16.5,1lb,Watson,Kohli,0,short,A high full toss on middle,upper cut,Square,"27th March, 2016","Punjab Cricket Association IS Bindra Stadium, Mohali, Chandigarh",,
16.3,1,Watson,Kohli,1,googly,Full and straight,Switch hit,Thirdman,"27th March, 2016","Punjab Cricket Association IS Bindra Stadium, Mohali, Chandigarh",,
15.6,2,Hazlewood,Kohli,0,Full length,Full and wide outside off,Scoop/ramp,Gully,"27th March, 2016","Punjab Cricket Association IS Bindra Stadium, Mohali, Chandigarh",,
15.5,2,Hazlewood,Kohli,0,Good Length,Full and very wide outside off,Helicopter shot,Cover,"27th March, 2016","Punjab Cricket Association IS Bindra Stadium, Mohali, Chandigarh",,
15.4,4,Hazlewood,Kohli,4,Back of a length,Full and wide again,French cut,point,"27th March, 2016","Punjab Cricket Association IS Bindra Stadium, Mohali, Chandigarh",,
15.3,2,Hazlewood,Kohli,0,short,Full and wide,Hook shot,Mid-off,"27th March, 2016","Punjab Cricket Association IS Bindra Stadium, Mohali, Chandigarh",,
15.2,2,Hazlewood,Kohli,4,googly,Full and straight,Pull shot,Mid-on,"27th March, 2016","Punjab Cricket Association IS Bindra Stadium, Mohali, Chandigarh",,
15.1,,Hazlewood,Kohli,4,Full length,Superb yorker,Square cut,Deep,"27th March, 2016","Punjab Cricket Association IS Bindra Stadium, Mohali, Chandigarh",,
14.6,1,Watson,Kohli,0,Good Length,Another low full toss,Back defence,Long off,"27th March, 2016","Punjab Cricket Association IS Bindra Stadium, Mohali, Chandigarh",,
11.4,1,Maxwell,Kohli,0,Back of a length,A low full toss down leg,Off drive,Long on,"27th March, 2016","Punjab Cricket Association IS Bindra Stadium, Mohali, Chandigarh",,
11.3,2,Maxwell,Kohli,2,short,A high full toss on middle,Straight drive,Straight,"27th March, 2016","Punjab Cricket Association IS Bindra Stadium, Mohali, Chandigarh",,
11.2,6,Maxwell,Kohli,0,googly,Full and straight,On drive,Straight hit,"27th March, 2016","Punjab Cricket Association IS Bindra Stadium, Mohali, Chandigarh",,
10.6,,Zampa,Kohli,0,Full length,Full and wide outside off,Sweep shot,Wide,"27th March, 2016","Punjab Cricket Association IS Bindra Stadium, Mohali, Chandigarh",,
10.5,,Zampa,Kohli,0,Good Length,Full and very wide outside off,Forward defence,Square,"27th March, 2016","Punjab Cricket Association IS Bindra Stadium, Mohali, Chandigarh",,
10.3,1,Zampa,Kohli,1,Back of a length,A high full toss on middle,Cut,Fine,"27th March, 2016","Punjab Cricket Association IS Bindra Stadium, Mohali, Chandigarh",,
9.6,2,Maxwell,Kohli,4,short,Full and straight,Reverse sweep,Square,"27th March, 2016","Punjab Cricket Association IS Bindra Stadium, Mohali, Chandigarh",,
9.4,1,Maxwell,Kohli,1,googly,down leg,slog and slog sweep,Thirdman,"27th March, 2016","Punjab Cricket Association IS Bindra Stadium, Mohali, Chandigarh",,
9.3,,Maxwell,Kohli,1,Full length,cover,upper cut,Gully,"27th March, 2016","Punjab Cricket Association IS Bindra Stadium, Mohali, Chandigarh",,
9.1,1,Maxwell,Kohli,4,Good Length,leg side,Switch hit,Cover,"27th March, 2016","Punjab Cricket Association IS Bindra Stadium, Mohali, Chandigarh",,
8.6,1,Coulter-Nile,Kohli,1,Back of a length,short third man,Scoop/ramp,point,"27th March, 2016","Punjab Cricket Association IS Bindra Stadium, Mohali, Chandigarh",,
8.3,1,Coulter-Nile,Kohli,2,short,cover,Helicopter shot,Mid-off,"27th March, 2016","Punjab Cricket Association IS Bindra Stadium, Mohali, Chandigarh",,
7.6,,Watson,Kohli,0,googly,midwicket,French cut,,"27th March, 2016","Punjab Cricket Association IS Bindra Stadium, Mohali, Chandigarh",,
7.2,1,Watson,Kohli,1,Full length,down leg,Hook shot,Square,"27th March, 2016","Punjab Cricket Association IS Bindra Stadium, Mohali, Chandigarh",,
6.3,1,Faulkner,Kohli,2,Good Length,square leg,Pull shot,Thirdman,"27th March, 2016","Punjab Cricket Association IS Bindra Stadium, Mohali, Chandigarh",,
6.2,,Faulkner,Kohli,4,Back of a length,mid-off,Square cut,Gully,"27th March, 2016","Punjab Cricket Association IS Bindra Stadium, Mohali, Chandigarh",,
6.1,,Faulkner,Kohli,4,short,cover,Back defence,Cover,"27th March, 2016","Punjab Cricket Association IS Bindra Stadium, Mohali, Chandigarh",,
5.3,1,Watson,Kohli,1,googly,good length outside off,Off drive,point,"27th March, 2016","Punjab Cricket Association IS Bindra Stadium, Mohali, Chandigarh",,
5.1,1,Watson,Kohli,1,Full length,Strays well down leg for a wide.,Straight drive,Mid-off,"27th March, 2016","Punjab Cricket Association IS Bindra Stadium, Mohali, Chandigarh",,
4.5,1,Hazlewood,Kohli,1,Good Length,Full delivery around off,On drive,Mid-on,"27th March, 2016","Punjab Cricket Association IS Bindra Stadium, Mohali, Chandigarh",,
4.4,4,Hazlewood,Kohli,0,Back of a length,On a length around off,Sweep shot,Deep,"27th March, 2016","Punjab Cricket Association IS Bindra Stadium, Mohali, Chandigarh",,
4.3,4,Hazlewood,Kohli,1,short,Steps down,Forward defence,Long off,"27th March, 2016","Punjab Cricket Association IS Bindra Stadium, Mohali, Chandigarh",,
4.2,,Hazlewood,Kohli,1,googly,Full and wide outside off,Cut,Long on,"27th March, 2016","Punjab Cricket Association IS Bindra Stadium, Mohali, Chandigarh",,
4.4,W,Dwayne Bravo,Kohli,1,Full length,Good length outside off,Reverse sweep,Straight,"27th August, 2016","Central Broward Regional Park, Lauderhill, Florida",,
4.2,1,Dwayne Bravo,Kohli,0,Good Length,Short and wide outside off,slog and slog sweep,Straight hit,"27th August, 2016","Central Broward Regional Park, Lauderhill, Florida",,
4.1,4,Dwayne Bravo,Kohli,1,Back of a length, outside off,upper cut,Wide,"27th August, 2016","Central Broward Regional Park, Lauderhill, Florida",,
3.6,1,Badree,Kohli,0,Slower ball,Shortish on off stump,Switch hit,Square,"27th August, 2016","Central Broward Regional Park, Lauderhill, Florida",,
3.5,4,Badree,Kohli,1,Slower and fuller,Tossed up,Scoop/ramp,Fine,"27th August, 2016","Central Broward Regional Park, Lauderhill, Florida",,
3.4,2,Badree,Kohli,1,Length,Off Stump,Helicopter shot,Square,"27th August, 2016","Central Broward Regional Park, Lauderhill, Florida",,
3.3,,Badree,Kohli,0,short,OutsideOff,French cut,Thirdman,"27th August, 2016","Central Broward Regional Park, Lauderhill, Florida",,
3.2,4,Badree,Kohli,0,googly,Tight line,Hook shot,Gully,"27th August, 2016","Central Broward Regional Park, Lauderhill, Florida",,
3.1,,Badree,Kohli,1,Full length, bit of turn ,Pull shot,Cover,"27th August, 2016","Central Broward Regional Park, Lauderhill, Florida",,
7.1,W,Moeen Ali,Kohli,0,Good Length,Shorter length,Square cut,point,"26th January, 2017","Green Park,Kanpur",,
6.6,1,Stokes,Kohli,4,Back of a length,Off Stump,Back defence,Mid-off,"26th January, 2017","Green Park,Kanpur",,
6.4,1,Stokes,Kohli,0,short,gallop down the pitch,Off drive,,"26th January, 2017","Green Park,Kanpur",,
6.1,1,Stokes,Kohli,1,googly,Tight line,Straight drive,,"26th January, 2017","Green Park,Kanpur",,
5.5,1,Plunkett,Kohli,1,Full length,Off Stump,On drive,Square,"26th January, 2017","Green Park,Kanpur",,
5.1,1,Plunkett,Kohli,1,Good Length,Shorter length,Sweep shot,Thirdman,"26th January, 2017","Green Park,Kanpur",,
4.6,1,Jordan,Kohli,1,Back of a length,Outside off,Forward defence,Gully,"26th January, 2017","Green Park,Kanpur",,
4.1,1,Jordan,Kohli,4,Friendly length,Off Stump,Cut,Cover,"26th January, 2017","Green Park,Kanpur",,
3.6,1,Plunkett,Kohli,1,short,Leg Stump,Reverse sweep,point,"26th January, 2017","Green Park,Kanpur",,
3.4,1,Plunkett,Kohli,1,googly,Middle,slog and slog sweep,Mid-off,"26th January, 2017","Green Park,Kanpur",,
3.3,,Plunkett,Kohli,1,Full length,outside leg stump,upper cut,Mid-on,"26th January, 2017","Green Park,Kanpur",,
3.2,4,Plunkett,Kohli,4,Good Length,Outside off Stump,Switch hit,Deep,"26th January, 2017","Green Park,Kanpur",,
3.1,4,Plunkett,Kohli,1,Back of a length,Outside off,Scoop/ramp,Long off,"26th January, 2017","Green Park,Kanpur",,
2.5,1,Mills,Kohli,2,Friendly length,Off Stump,Helicopter shot,Long on,"26th January, 2017","Green Park,Kanpur",,
2.1,1,Mills,Kohli,1,short,Outside off,French cut,Straight,"26th January, 2017","Green Park,Kanpur",,
1.6,1,Jordan,Kohli,1w,googly,Off Stump,Hook shot,Straight hit,"26th January, 2017","Green Park,Kanpur",,
1.5,,Jordan,Kohli,0,Full length,Leg Stump,Pull shot,Wide,"26th January, 2017","Green Park,Kanpur",,
1.4,4,Jordan,Kohli,1,Good Length,Middle,Square cut,Square,"26th January, 2017","Green Park,Kanpur",,
1.3,,Jordan,Kohli,1,Back of a length,outside leg stump,Back defence,Fine,"26th January, 2017","Green Park,Kanpur",,
1.3,1w,Jordan,Kohli,1,Friendly length,Outside off Stump,Off drive,Fine,"26th January, 2017","Green Park,Kanpur",,
1.2,,Jordan,Kohli,4,short,Off Stump,slog and slog sweep,Square,"26th January, 2017","Green Park,Kanpur",,
1.1,,Jordan,Kohli,0,googly,Leg Stump,upper cut,Thirdman,"26th January, 2017","Green Park,Kanpur",,
1.1,1nb,Jordan,Kohli,1,Full length,Middle,Switch hit,Gully,"26th January, 2017","Green Park,Kanpur",,
0.4,1,Mills,Kohli,4,Good Length,outside leg stump,Scoop/ramp,Cover,"26th January, 2017","Green Park,Kanpur",,
0.3,4,Mills,Kohli,1,Back of a length,Outside off Stump,Helicopter shot,point,"26th January, 2017","Green Park,Kanpur",,
0.2,,Mills,Kohli,1,Friendly length,Off Stump,French cut,Mid-off,"26th January, 2017","Green Park,Kanpur",,
0.1,,Mills,Kohli,1,short,Leg Stump,Hook shot,,"26th January, 2017","Green Park,Kanpur",,
4.1,W,Jordan,Kohli,1,googly,Middle,Pull shot,,"29th January, 2017","Vidarbha Cricket Association Stadium, Nagpur",,
3.5,1,Mills,Kohli,1,Full length,outside leg stump,Square cut,Square,"29th January, 2017","Vidarbha Cricket Association Stadium, Nagpur",,
3.4,2,Mills,Kohli,W,Good Length,Outside off Stump,Back defence,Thirdman,"29th January, 2017","Vidarbha Cricket Association Stadium, Nagpur",,
3.3,4,Mills,Kohli,1,Back of a length,Off Stump,Off drive,Gully,"29th January, 2017","Vidarbha Cricket Association Stadium, Nagpur",,
3.2,6,Mills,Kohli,2,Friendly length,Leg Stump,Straight drive,Cover,"29th January, 2017","Vidarbha Cricket Association Stadium, Nagpur",,
3.1,,Mills,Kohli,1,short,Middle,On drive,point,"29th January, 2017","Vidarbha Cricket Association Stadium, Nagpur",,
2.3,1,Jordan,Kohli,2,googly,outside leg stump,Sweep shot,Mid-off,"29th January, 2017","Vidarbha Cricket Association Stadium, Nagpur",,
2.2,,Jordan,Kohli,1,Full length,Outside off Stump,Forward defence,Mid-on,"29th January, 2017","Vidarbha Cricket Association Stadium, Nagpur",,
2.1,,Jordan,Kohli,1,Good Length,Off Stump,Cut,Deep,"29th January, 2017","Vidarbha Cricket Association Stadium, Nagpur",,
1.4,1,Mills,Kohli,4,Back of a length,Leg Stump,Reverse sweep,Long off,"29th January, 2017","Vidarbha Cricket Association Stadium, Nagpur",,
1.3,4,Mills,Kohli,1,Friendly length,Middle,slog and slog sweep,Long on,"29th January, 2017","Vidarbha Cricket Association Stadium, Nagpur",,
1.2,,Mills,Kohli,1,short,outside leg stump,upper cut,Straight,"29th January, 2017","Vidarbha Cricket Association Stadium, Nagpur",,
1.1,,Mills,Kohli,1,googly,Outside off Stump,Switch hit,Straight hit,"29th January, 2017","Vidarbha Cricket Association Stadium, Nagpur",,
0.6,1,Dawson,Kohli,4,Full length,Off Stump,Scoop/ramp,Wide,"29th January, 2017","Vidarbha Cricket Association Stadium, Nagpur",,
0.1,1,Dawson,Kohli,1,Good Length,Leg Stump,Helicopter shot,Square,"29th January, 2017","Vidarbha Cricket Association Stadium, Nagpur",,
1.1,W,Jordan,Kohli,1,Back of a length,Middle,French cut,Fine,"1st February, 2017","M Chinnaswamy Stadium, Bengaluru, Bangalore",,
0.6,1,Mills,Kohli,1,Friendly length,outside leg stump,Hook shot,Square,"1st February, 2017","M Chinnaswamy Stadium, Bengaluru, Bangalore",,
0.2,1,Mills,Kohli,1,short,Outside off Stump,Pull shot,Thirdman,"1st February, 2017","M Chinnaswamy Stadium, Bengaluru, Bangalore",,
0.2,1w,Mills,Kohli,1,googly,Off Stump,Square cut,Gully,"1st February, 2017","M Chinnaswamy Stadium, Bengaluru, Bangalore",,
0.1,,Mills,Kohli,2,Full length,Leg Stump,Back defence,Cover,"1st February, 2017","M Chinnaswamy Stadium, Bengaluru, Bangalore",,
5.3,W,Williams,Kohli,1,Good Length,Middle,Off drive,point,"9th July, 2017","Sabina Park, Kingston, Jamaica",,
5.2,4,Williams,Kohli,4,Back of a length,outside leg stump,Straight drive,Mid-off,"9th July, 2017","Sabina Park, Kingston, Jamaica",,
5.1,6,Williams,Kohli,1,Friendly length,Outside off Stump,On drive,,"9th July, 2017","Sabina Park, Kingston, Jamaica",,
4.6,1,Brathwaite,Kohli,1w,short,Off Stump,Sweep shot,Square,"9th July, 2017","Sabina Park, Kingston, Jamaica",,
4.5,,Brathwaite,Kohli,4,googly,Leg Stump,Forward defence,Thirdman,"9th July, 2017","Sabina Park, Kingston, Jamaica",,
4.5,1w,Brathwaite,Kohli,1,Full length,Middle,Cut,Gully,"9th July, 2017","Sabina Park, Kingston, Jamaica",,
4.5,1w,Brathwaite,Kohli,1,Good Length,outside leg stump,Reverse sweep,Cover,"9th July, 2017","Sabina Park, Kingston, Jamaica",,
4.4,4,Brathwaite,Kohli,4,Back of a length,Outside off Stump,slog and slog sweep,point,"9th July, 2017","Sabina Park, Kingston, Jamaica",,
4.3,,Brathwaite,Kohli,1,Friendly length,Off Stump,upper cut,Mid-off,"9th July, 2017","Sabina Park, Kingston, Jamaica",,
3.5,1,Williams,Kohli,1W,short,Leg Stump,Switch hit,Mid-on,"9th July, 2017","Sabina Park, Kingston, Jamaica",,
3.4,4,Williams,Kohli,1,googly,Middle,Scoop/ramp,Deep,"9th July, 2017","Sabina Park, Kingston, Jamaica",,
3.3,4,Williams,Kohli,1,Full length,outside leg stump,Helicopter shot,Long off,"9th July, 2017","Sabina Park, Kingston, Jamaica",,
3.2,,Williams,Kohli,W,Good Length,Outside off Stump,French cut,Long on,"9th July, 2017","Sabina Park, Kingston, Jamaica",,
3.1,,Williams,Kohli,0,Back of a length,Tossed up,Hook shot,Straight,"9th July, 2017","Sabina Park, Kingston, Jamaica",,
2.3,1,Badree,Kohli,1w, bouncer,Off Stump,Pull shot,Straight hit,"9th July, 2017","Sabina Park, Kingston, Jamaica",,
2.2,,Badree,Kohli,0,Friendly length,OutsideOff,Square cut,Wide,"9th July, 2017","Sabina Park, Kingston, Jamaica",,
2.1,,Badree,Kohli,0,Full length,Off Stump,Back defence,Square,"9th July, 2017","Sabina Park, Kingston, Jamaica",,
2.1,1w,Badree,Kohli,0,Good Length,Leg Stump,Off drive,Fine,"9th July, 2017","Sabina Park, Kingston, Jamaica",,
1.5,1,Taylor,Kohli,0,Back of a length,Middle,Straight drive,Square,"9th July, 2017","Sabina Park, Kingston, Jamaica",,
1.4,,Taylor,Kohli,0,Friendly length,outside leg stump,On drive,Thirdman,"9th July, 2017","Sabina Park, Kingston, Jamaica",,
1.3,,Taylor,Kohli,1,short,Outside off Stump,Sweep shot,Gully,"9th July, 2017","Sabina Park, Kingston, Jamaica",,
1.2,4,Taylor,Kohli,W,googly,Off Stump,Forward defence,Cover,"9th July, 2017","Sabina Park, Kingston, Jamaica",,
1.1,4,Taylor,Kohli,1,Full length,Leg Stump,Cut,point,"9th July, 2017","Sabina Park, Kingston, Jamaica",,
0.2,1,Badree,Kohli,W,Good Length,Middle,Reverse sweep,Mid-off,"9th July, 2017","Sabina Park, Kingston, Jamaica",,
0.1,4,Badree,Kohli,W,Back of a length,outside leg stump,slog and slog sweep,,"9th July, 2017","Sabina Park, Kingston, Jamaica",,
5.3,W,Williams,Kohli,2,Friendly length,Outside off Stump,upper cut,Square,"6th September, 2017","R Premadasa Stadium, Colombo",,
5.2,4,Williams,Kohli,1,short,Off Stump,Switch hit,Thirdman,"6th September, 2017","R Premadasa Stadium, Colombo",,
5.1,6,Williams,Kohli,1,googly,Leg Stump,Scoop/ramp,Gully,"6th September, 2017","R Premadasa Stadium, Colombo",,
4.6,1,Brathwaite,Kohli,1,Full length,Middle,Helicopter shot,Cover,"6th September, 2017","R Premadasa Stadium, Colombo",,
4.5,,Brathwaite,Kohli,1,Good Length,outside leg stump,French cut,point,"6th September, 2017","R Premadasa Stadium, Colombo",,
4.5,1w,Brathwaite,Kohli,1,Back of a length,Outside off Stump,Hook shot,Mid-off,"6th September, 2017","R Premadasa Stadium, Colombo",,
4.5,1w,Brathwaite,Kohli,1, bouncer,Off Stump,Pull shot,Mid-on,"6th September, 2017","R Premadasa Stadium, Colombo",,
4.4,4,Brathwaite,Kohli,1,Friendly length,Leg Stump,Square cut,Deep,"6th September, 2017","R Premadasa Stadium, Colombo",,
4.3,,Brathwaite,Kohli,1,Full length,Middle,Back defence,Long off,"6th September, 2017","R Premadasa Stadium, Colombo",,
3.5,1,Williams,Kohli,1,Good Length,outside leg stump,Off drive,Long on,"6th September, 2017","R Premadasa Stadium, Colombo",,
3.4,4,Williams,Kohli,1,Back of a length,Outside off Stump,slog and slog sweep,Straight,"6th September, 2017","R Premadasa Stadium, Colombo",,
3.3,4,Williams,Kohli,1,Friendly length,Off Stump,upper cut,Straight hit,"6th September, 2017","R Premadasa Stadium, Colombo",,
3.2,,Williams,Kohli,4,short,Leg Stump,Switch hit,Wide,"6th September, 2017","R Premadasa Stadium, Colombo",,
3.1,,Williams,Kohli,0,googly,Middle,Scoop/ramp,Square,"6th September, 2017","R Premadasa Stadium, Colombo",,
2.3,1,Badree,Kohli,0,Full length,outside leg stump,Helicopter shot,Fine,"6th September, 2017","R Premadasa Stadium, Colombo",,
2.2,,Badree,Kohli,1,Good Length,Outside off Stump,French cut,Square,"6th September, 2017","R Premadasa Stadium, Colombo",,
2.1,,Badree,Kohli,1,Back of a length,Off Stump,Hook shot,Thirdman,"6th September, 2017","R Premadasa Stadium, Colombo",,
2.1,1w,Badree,Kohli,1,Friendly length,Leg Stump,Pull shot,Gully,"6th September, 2017","R Premadasa Stadium, Colombo",,
1.5,1,Taylor,Kohli,0,short,Middle,Square cut,Cover,"6th September, 2017","R Premadasa Stadium, Colombo",,
1.4,,Taylor,Kohli,0,googly,outside leg stump,Back defence,point,"6th September, 2017","R Premadasa Stadium, Colombo",,
1.3,,Taylor,Kohli,1,Full length,Outside off Stump,Off drive,Mid-off,"6th September, 2017","R Premadasa Stadium, Colombo",,
1.2,4,Taylor,Kohli,2,Good Length,Off Stump,Straight drive,,"6th September, 2017","R Premadasa Stadium, Colombo",,
1.1,4,Taylor,Kohli,1,Back of a length,Leg Stump,On drive,Square,"6th September, 2017","R Premadasa Stadium, Colombo",,
0.2,1,Badree,Kohli,1, bouncer,Middle,Sweep shot,Thirdman,"6th September, 2017","R Premadasa Stadium, Colombo",,
0.1,4,Badree,Kohli,0,Friendly length,outside leg stump,Forward defence,Gully,"6th September, 2017","R Premadasa Stadium, Colombo",,
5.3,W,Williams,Kohli,1w,Full length,Outside off Stump,Cut,Cover,"7th October, 2017","JSCA International Stadium Complex, Ranchi",,
5.2,4,Williams,Kohli,4,Good Length,Off Stump,Reverse sweep,point,"7th October, 2017","JSCA International Stadium Complex, Ranchi",,
5.1,6,Williams,Kohli,1,Back of a length,Leg Stump,slog and slog sweep,Mid-off,"7th October, 2017","JSCA International Stadium Complex, Ranchi",,
4.6,1,Brathwaite,Kohli,1,Friendly length,Middle,upper cut,Mid-on,"7th October, 2017","JSCA International Stadium Complex, Ranchi",,
4.5,,Brathwaite,Kohli,1,short,outside leg stump,Switch hit,Deep,"7th October, 2017","JSCA International Stadium Complex, Ranchi",,
4.5,1w,Brathwaite,Kohli,1,googly,Outside off Stump,Scoop/ramp,Long off,"7th October, 2017","JSCA International Stadium Complex, Ranchi",,
4.5,1w,Brathwaite,Kohli,OUT,Full length,Tight line,Helicopter shot,Long on,"7th October, 2017","JSCA International Stadium Complex, Ranchi",,
4.4,4,Brathwaite,Kohli,6,Good Length,Off Stump,French cut,Straight,"7th October, 2017","JSCA International Stadium Complex, Ranchi",,
4.3,,Brathwaite,Kohli,2,Back of a length,Leg Stump,Hook shot,Straight hit,"7th October, 2017","JSCA International Stadium Complex, Ranchi",,
3.5,1,Williams,Kohli,4,Friendly length,Middle,Pull shot,Wide,"7th October, 2017","JSCA International Stadium Complex, Ranchi",,
3.4,4,Williams,Kohli,1,short,outside leg stump,Square cut,Square,"7th October, 2017","JSCA International Stadium Complex, Ranchi",,
3.3,4,Williams,Kohli,2,googly,Outside off Stump,Back defence,Fine,"7th October, 2017","JSCA International Stadium Complex, Ranchi",,
3.2,,Williams,Kohli,1,Full length,wide outside off,Off drive,Square,"7th October, 2017","JSCA International Stadium Complex, Ranchi",,
3.1,,Williams,Kohli,0,Good Length,middle stump,Straight drive,Thirdman,"7th October, 2017","JSCA International Stadium Complex, Ranchi",,
2.3,1,Badree,Kohli,1,Back of a length,Outside off,On drive,Gully,"7th October, 2017","JSCA International Stadium Complex, Ranchi",,
2.2,,Badree,Kohli,0, bouncer,Tossed up,Sweep shot,Cover,"7th October, 2017","JSCA International Stadium Complex, Ranchi",,
2.1,,Badree,Kohli,1,Friendly length,Turning outside off,Forward defence,point,"7th October, 2017","JSCA International Stadium Complex, Ranchi",,
2.1,1w,Badree,Kohli,1,Excellent line,FullToss,Cut,Mid-off,"7th October, 2017","JSCA International Stadium Complex, Ranchi",,
1.5,1,Taylor,Kohli,2,Full length,Turning outside off,Reverse sweep,,"7th October, 2017","JSCA International Stadium Complex, Ranchi",,
1.4,,Taylor,Kohli,1,Good Length,Tight line,slog and slog sweep,,"7th October, 2017","JSCA International Stadium Complex, Ranchi",,
1.3,,Taylor,Kohli,1,Back of a length,Outside off,upper cut,Square,"7th October, 2017","JSCA International Stadium Complex, Ranchi",,
1.2,4,Taylor,Kohli,1,Friendly length,Off Stump,Switch hit,Thirdman,"7th October, 2017","JSCA International Stadium Complex, Ranchi",,
1.1,4,Taylor,Kohli,1,short,Outside off,Scoop/ramp,Gully,"7th October, 2017","JSCA International Stadium Complex, Ranchi",,
0.2,1,Badree,Kohli,1,googly,Tight line,Helicopter shot,Cover,"7th October, 2017","JSCA International Stadium Complex, Ranchi",,
0.1,4,Badree,Kohli,0,Full length,A bit of turn again,French cut,point,"7th October, 2017","JSCA International Stadium Complex, Ranchi",,
0.6, W, Behrendorff, Kohli,0,Good Length,Another yorker on leg,Hook shot,Mid-off,"10th October, 2017","Barsapara Cricket Stadium, Guwahati",,
0.5, , Behrendorff, Kohli,0,Back of a length,A high full toss on middle,Pull shot,Mid-on,"10th October, 2017","Barsapara Cricket Stadium, Guwahati",,
19.6,1,Southee,Kohli,1,Friendly length,Full and straight,Square cut,Deep,"1st November, 2017","Arun Jaitley Stadium, Delhi",,
19.5,2,Southee,Kohli,1,short,Full and wide outside off,Back defence,Long off,"1st November, 2017","Arun Jaitley Stadium, Delhi",,
19.2,1,Southee,Kohli,1,googly,Full and very wide outside off,Off drive,Long on,"1st November, 2017","Arun Jaitley Stadium, Delhi",,
19.1,6,Southee,Kohli,1,Full length,Full and wide again,Straight drive,Straight,"1st November, 2017","Arun Jaitley Stadium, Delhi",,
18.3,1,Boult,Kohli,0,Good Length,Full and wide outside off,On drive,Straight hit,"1st November, 2017","Arun Jaitley Stadium, Delhi",,
18.2,6,Boult,Kohli,1,Back of a length,Full and straight,Sweep shot,Wide,"1st November, 2017","Arun Jaitley Stadium, Delhi",,
18.1,,Boult,Kohli,1, bouncer,Superb yorker,Forward defence,Square,"1st November, 2017","Arun Jaitley Stadium, Delhi",,
17.6,1,de Grandhomme,Kohli,0,Friendly length,Another low full toss,Cut,Fine,"1st November, 2017","Arun Jaitley Stadium, Delhi",,
17.4,1,de Grandhomme,Kohli,0,Full length,A low full toss down leg,Reverse sweep,Fine,"1st November, 2017","Arun Jaitley Stadium, Delhi",,
17.3,6,de Grandhomme,Kohli,0,Good Length,A high full toss on middle,slog and slog sweep,Square,"1st November, 2017","Arun Jaitley Stadium, Delhi",,
16.5,1,Sodhi,Kohli,1,Back of a length,Full and straight,upper cut,Thirdman,"1st November, 2017","Arun Jaitley Stadium, Delhi",,
16.3,W,Santner,Kohli,1,Friendly length,Full and wide outside off,Switch hit,Gully,"4th November, 2017","Saurashtra Cricket Association Stadium, Khandheri, Rajko",,
15.3,1,Sodhi,Kohli,1,short,Full and very wide outside off,Scoop/ramp,Cover,"4th November, 2017","Saurashtra Cricket Association Stadium, Khandheri, Rajko",,
15.1,1,Sodhi,Kohli,0,googly,A high full toss on middle,Helicopter shot,point,"4th November, 2017","Saurashtra Cricket Association Stadium, Khandheri, Rajko",,
14.6,1,Milne,Kohli,3,Full length,Full and straight,French cut,Mid-off,"4th November, 2017","Saurashtra Cricket Association Stadium, Khandheri, Rajko",,
14.5,4,Milne,Kohli,1,Good Length,Off Stump,Hook shot,Fine,"4th November, 2017","Saurashtra Cricket Association Stadium, Khandheri, Rajko",,
14.4,,Milne,Kohli,1,Back of a length,A bit of turn ,Pull shot,Square,"4th November, 2017","Saurashtra Cricket Association Stadium, Khandheri, Rajko",,
12.5,1,Munro,Kohli,0,Friendly length,Tight line,Square cut,Thirdman,"4th November, 2017","Saurashtra Cricket Association Stadium, Khandheri, Rajko",,
12.4,2,Munro,Kohli,0,short,A bit of turn ,Back defence,Gully,"4th November, 2017","Saurashtra Cricket Association Stadium, Khandheri, Rajko",,
12.3,4,Munro,Kohli,4,googly,Shorter length,Off drive,Cover,"4th November, 2017","Saurashtra Cricket Association Stadium, Khandheri, Rajko",,
12.1,1,Munro,Kohli,1,Full length,Outside off,,point,"4th November, 2017","Saurashtra Cricket Association Stadium, Khandheri, Rajko",,
11.6,1,Santner,Kohli,2,Good Length,Tossed up,slog and slog sweep,Mid-off,"4th November, 2017","Saurashtra Cricket Association Stadium, Khandheri, Rajko",,
11.5,4,Santner,Kohli,1,Back of a length,Turning outside off,upper cut,,"4th November, 2017","Saurashtra Cricket Association Stadium, Khandheri, Rajko",,
11.3,1,Santner,Kohli,0, bouncer,FullToss,Switch hit,,"4th November, 2017","Saurashtra Cricket Association Stadium, Khandheri, Rajko",,
11.2,,Santner,Kohli,1,Friendly length,FullToss,Scoop/ramp,Square,"4th November, 2017","Saurashtra Cricket Association Stadium, Khandheri, Rajko",,
10.6,4,Munro,Kohli,1w,Full length,Banged in short again,Helicopter shot,Thirdman,"4th November, 2017","Saurashtra Cricket Association Stadium, Khandheri, Rajko",,
10.3,1,Munro,Kohli,6,Good Length, beats the inside edge,French cut,Gully,"4th November, 2017","Saurashtra Cricket Association Stadium, Khandheri, Rajko",,
10.1,1,Munro,Kohli,1w,Back of a length,Off Stump,Hook shot,Cover,"4th November, 2017","Saurashtra Cricket Association Stadium, Khandheri, Rajko",,
9.6,1,Sodhi,Kohli,1,Friendly length,FullToss,Pull shot,point,"4th November, 2017","Saurashtra Cricket Association Stadium, Khandheri, Rajko",,
9.5,,Sodhi,Kohli,1w,short,Tight line,Square cut,Mid-off,"4th November, 2017","Saurashtra Cricket Association Stadium, Khandheri, Rajko",,
9.3,1,Sodhi,Kohli,1,googly,A bit of turn again ,Back defence,Mid-on,"4th November, 2017","Saurashtra Cricket Association Stadium, Khandheri, Rajko",,
8.5,1,Munro,Kohli,1,Full length,Shorter length,Off drive,Deep,"4th November, 2017","Saurashtra Cricket Association Stadium, Khandheri, Rajko",,
8.2,1,Munro,Kohli,4,Good Length,Outside off,Straight drive,Long off,"4th November, 2017","Saurashtra Cricket Association Stadium, Khandheri, Rajko",,
8.1,2,Munro,Kohli,1,Back of a length, outside off,On drive,Long on,"4th November, 2017","Saurashtra Cricket Association Stadium, Khandheri, Rajko",,
7.6,1,Santner,Kohli,4,Friendly length,Shortish on off stump,Sweep shot,Straight,"4th November, 2017","Saurashtra Cricket Association Stadium, Khandheri, Rajko",,
7.5,6,Santner,Kohli,1,short,Tossed up,Forward defence,Straight hit,"4th November, 2017","Saurashtra Cricket Association Stadium, Khandheri, Rajko",,
7.3,1,Santner,Kohli,2,googly,Off Stump,Cut,Wide,"4th November, 2017","Saurashtra Cricket Association Stadium, Khandheri, Rajko",,
7.2,4,Santner,Kohli,1,Full length,OutsideOff,Reverse sweep,Square,"4th November, 2017","Saurashtra Cricket Association Stadium, Khandheri, Rajko",,
7.1,4,Santner,Kohli,4,Good Length,Tight line,slog and slog sweep,Fine,"4th November, 2017","Saurashtra Cricket Association Stadium, Khandheri, Rajko",,
6.6,1,Sodhi,Kohli,0,Back of a length, bit of turn ,upper cut,Square,"4th November, 2017","Saurashtra Cricket Association Stadium, Khandheri, Rajko",,
6.3,1,Sodhi,Kohli,1, bouncer,Shorter length,Switch hit,Thirdman,"4th November, 2017","Saurashtra Cricket Association Stadium, Khandheri, Rajko",,
6.1,1,Sodhi,Kohli,1,Friendly length,Off Stump,Scoop/ramp,Gully,"4th November, 2017","Saurashtra Cricket Association Stadium, Khandheri, Rajko",,
5.6,1,Santner,Kohli,1,Full length,gallop down the pitch,Helicopter shot,Cover,"4th November, 2017","Saurashtra Cricket Association Stadium, Khandheri, Rajko",,
5.5,,Santner,Kohli,1,Good Length,Tight line,French cut,point,"4th November, 2017","Saurashtra Cricket Association Stadium, Khandheri, Rajko",,
5.1,1,Santner,Kohli,4,Back of a length,Off Stump,Hook shot,Mid-off,"4th November, 2017","Saurashtra Cricket Association Stadium, Khandheri, Rajko",,
4.3,1,Milne,Kohli,1,Friendly length,Shorter length,Pull shot,,"4th November, 2017","Saurashtra Cricket Association Stadium, Khandheri, Rajko",,
3.6,4,Boult,Kohli,1,short,Outside off,Square cut,Square,"4th November, 2017","Saurashtra Cricket Association Stadium, Khandheri, Rajko",,
3.3,1,Boult,Kohli,1w,googly,Tossed up,Back defence,Thirdman,"4th November, 2017","Saurashtra Cricket Association Stadium, Khandheri, Rajko",,
3.2,,Boult,Kohli,1w,Full length,Turning outside off,Off drive,Gully,"4th November, 2017","Saurashtra Cricket Association Stadium, Khandheri, Rajko",,
3.1,4,Boult,Kohli,1,Good Length,FullToss,Straight drive,Cover,"4th November, 2017","Saurashtra Cricket Association Stadium, Khandheri, Rajko",,
2.4,1,de Grandhomme,Kohli,1,Back of a length,Turning outside off,On drive,point,"4th November, 2017","Saurashtra Cricket Association Stadium, Khandheri, Rajko",,
2.3,,de Grandhomme,Kohli,2,Friendly length,Tight line,Sweep shot,Mid-off,"4th November, 2017","Saurashtra Cricket Association Stadium, Khandheri, Rajko",,
3.5,W,Sodhi,Kohli,1,short,Outside off,Forward defence,Mid-on,"7th November, 2017","Greenfield International Stadium, Thiruvananthapuram",,
3.3,1,Sodhi,Kohli,W,googly,Off Stump,Cut,Deep,"7th November, 2017","Greenfield International Stadium, Thiruvananthapuram",,
3.2,6,Sodhi,Kohli,2,Full length,Outside off,Reverse sweep,Long off,"7th November, 2017","Greenfield International Stadium, Thiruvananthapuram",,
4,Sodhi,Kohli,FOUR runs,1,Good Length,Tight line,slog and slog sweep,Long on,"7th November, 2017","Greenfield International Stadium, Thiruvananthapuram",,
2.6,1,Southee,Kohli,0,Back of a length,A bit of turn again,upper cut,Straight,"7th November, 2017","Greenfield International Stadium, Thiruvananthapuram",,
2.4,1,Southee,Kohli,0, bouncer,Another yorker on leg,Switch hit,Straight hit,"7th November, 2017","Greenfield International Stadium, Thiruvananthapuram",,
9.3,W,Shamsi,Kohli,2,Friendly length,A high full toss on middle,Scoop/ramp,Wide,"18th February, 2018","Wanderers Stadium, Johannesburg",,
9.1,1,Shamsi,Kohli,1,Full length,Full and straight,Helicopter shot,Square,"18th February, 2018","Wanderers Stadium, Johannesburg",,
8.6,1,Smuts,Kohli,1,Good Length,Full and wide outside off,French cut,Fine,"18th February, 2018","Wanderers Stadium, Johannesburg",,
0.2,1,Smuts,Kohli,2,Back of a length,Full and very wide outside off,Hook shot,Square,"18th February, 2018","Wanderers Stadium, Johannesburg",,
7.5,1,Shamsi,Kohli,1,Friendly length,Full and wide again,Pull shot,Thirdman,"18th February, 2018","Wanderers Stadium, Johannesburg",,
7.4,6,Shamsi,Kohli,1,short,Full and wide,Square cut,Gully,"18th February, 2018","Wanderers Stadium, Johannesburg",,
7.3,2,Shamsi,Kohli,4,googly,Full and straight,Back defence,Cover,"18th February, 2018","Wanderers Stadium, Johannesburg",,
7.2,4,Shamsi,Kohli,0,Full length,Superb yorker,Off drive,point,"18th February, 2018","Wanderers Stadium, Johannesburg",,
7.1,,Shamsi,Kohli,0,Good Length,Another low full toss,Straight drive,Mid-off,"18th February, 2018","Wanderers Stadium, Johannesburg",,
6.4,1,Morris,Kohli,1,Back of a length,A low full toss down leg,On drive,,"18th February, 2018","Wanderers Stadium, Johannesburg",,
6.3,,Morris,Kohli,0,Friendly length,A high full toss on middle,Sweep shot,Square,"18th February, 2018","Wanderers Stadium, Johannesburg",,
6.2,,Morris,Kohli,2,short,Full and straight,Forward defence,Thirdman,"18th February, 2018","Wanderers Stadium, Johannesburg",,
6.2,1w,Morris,Kohli,W,googly,Full and wide outside off,Cut,Gully,"18th February, 2018","Wanderers Stadium, Johannesburg",,
6.1,,Morris,Kohli,2,Full length,Full and very wide outside off,Reverse sweep,Cover,"18th February, 2018","Wanderers Stadium, Johannesburg",,
5.4,1,Dala,Kohli,1,Good Length,A high full toss on middle,slog and slog sweep,point,"18th February, 2018","Wanderers Stadium, Johannesburg",,
5.2,1,Dala,Kohli,4,Back of a length,Full and straight,upper cut,Mid-off,"18th February, 2018","Wanderers Stadium, Johannesburg",,
5.1,4,Dala,Kohli,4, bouncer,down leg,Switch hit,Mid-on,"18th February, 2018","Wanderers Stadium, Johannesburg",,
4.4,1,Morris,Kohli,1,Friendly length,cover,Scoop/ramp,Deep,"18th February, 2018","Wanderers Stadium, Johannesburg",,
4.3,2,Morris,Kohli,1,Full length,leg side,Helicopter shot,Long off,"18th February, 2018","Wanderers Stadium, Johannesburg",,
4.2,,Morris,Kohli,0,Good Length,short third man,French cut,Long on,"18th February, 2018","Wanderers Stadium, Johannesburg",,
4.1,,Morris,Kohli,1,Back of a length,cover,Hook shot,Straight,"18th February, 2018","Wanderers Stadium, Johannesburg",,
5.2,,Dala,Kohli,1,Friendly length,midwicket,Pull shot,Straight hit,"21st February, 2018","SuperSport Park, Centurion",,
5.1,,Dala,Kohli,0,short,down leg,Square cut,Wide,"21st February, 2018","SuperSport Park, Centurion",,
4.4,1,Duminy,Kohli,4,googly,square leg,Back defence,Square,"21st February, 2018","SuperSport Park, Centurion",,
4.3,,Duminy,Kohli,4,Full length,mid-off,Off drive,Fine,"21st February, 2018","SuperSport Park, Centurion",,
5.3,W,Dala,Kohli,1,Good Length,cover,slog and slog sweep,Square,"21st February, 2018","SuperSport Park, Centurion",,
19.4,,Chase,Kohli,1,Back of a length,good length outside off,upper cut,Thirdman,"27th June, 2018","The Village, Dublin",,
9.5,W,Chase,Kohli,1,Friendly length,Strays well down leg for a wide.,Switch hit,Gully,"27th June, 2018","The Village, Dublin",,
2.1,1,Chase,Kohli,2,short,Full delivery around off,Scoop/ramp,Cover,"29th June, 2018","The Village, Dublin",,
1.6,1,Rankin,Kohli,1,googly,On a length around off,Helicopter shot,point,"29th June, 2018","The Village, Dublin",,
1.5,,Rankin,Kohli,0,Full length,Steps down,French cut,Mid-off,"29th June, 2018","The Village, Dublin",,
1.4,4,Rankin,Kohli,1,Good Length,Full and wide outside off,Hook shot,,"29th June, 2018","The Village, Dublin",,
1.3,2,Rankin,Kohli,6,Back of a length,Good length outside off,Pull shot,Square,"29th June, 2018","The Village, Dublin",,
1.2,,Rankin,Kohli,0, bouncer,Short and wide outside off,Square cut,Thirdman,"29th June, 2018","The Village, Dublin",,
0.3,1,Simi Singh,Kohli,1,Friendly length, outside off,Back defence,Gully,"29th June, 2018","The Village, Dublin",,
18.2,6,Moeen Ali,Kohli,1,Good length ball,Shortish on off stump,Off drive,Cover,"3rd July, 2018","Old Trafford, Manchester",,
17.5,1,Willey,Kohli,1,Good length ball,Tossed up,Straight drive,point,"3rd July, 2018","Old Trafford, Manchester",,
17.4,2,Willey,Kohli,0,Full length,Off Stump,On drive,Mid-off,"3rd July, 2018","Old Trafford, Manchester",,
17.1,1,Willey,Kohli,1,Good Length,OutsideOff,Sweep shot,Mid-on,"3rd July, 2018","Old Trafford, Manchester",,
16.6,1,Plunkett,Kohli,4,Back of a length,Tight line,Forward defence,Deep,"3rd July, 2018","Old Trafford, Manchester",,
16.5,,Plunkett,Kohli,1w,Friendly length, bit of turn ,Cut,Long off,"3rd July, 2018","Old Trafford, Manchester",,
16.5,1w,Plunkett,Kohli,0,short,Shorter length,Reverse sweep,Long on,"3rd July, 2018","Old Trafford, Manchester",,
16.4,,Plunkett,Kohli,0,googly,Off Stump,slog and slog sweep,Straight,"3rd July, 2018","Old Trafford, Manchester",,
16.2,1,Plunkett,Kohli,0,Full length,gallop down the pitch,upper cut,Straight hit,"3rd July, 2018","Old Trafford, Manchester",,
16.1,,Plunkett,Kohli,W,Good Length,Tight line,Switch hit,Wide,"3rd July, 2018","Old Trafford, Manchester",,
15.6,1,Willey,Kohli,1,Back of a length,Off Stump,Scoop/ramp,Square,"3rd July, 2018","Old Trafford, Manchester",,
15.3,1,Willey,Kohli,1,Friendly length,Shorter length,Helicopter shot,Fine,"3rd July, 2018","Old Trafford, Manchester",,
15.1,1,Willey,Kohli,1,short,Outside off,French cut,Square,"3rd July, 2018","Old Trafford, Manchester",,
14.6,1,Rashid,Kohli,0,googly,Off Stump,Hook shot,Thirdman,"3rd July, 2018","Old Trafford, Manchester",,
4.5,,Rashid,Kohli,1,Full length,Leg Stump,Pull shot,Gully,"3rd July, 2018","Old Trafford, Manchester",,
14.4,,Rashid,Kohli,1,Good Length,Middle,Square cut,Cover,"3rd July, 2018","Old Trafford, Manchester",,
14.2,1,Rashid,Kohli,0,Back of a length,outside leg stump,Back defence,point,"3rd July, 2018","Old Trafford, Manchester",,
14.1,,Rashid,Kohli,1, bouncer,Outside off Stump,Off drive,Mid-off,"3rd July, 2018","Old Trafford, Manchester",,
13.6,1,Jordan,Kohli,1,Friendly length,Outside off,Straight drive,,"3rd July, 2018","Old Trafford, Manchester",,
13.5,,Jordan,Kohli,1,Full length,Off Stump,On drive,,"3rd July, 2018","Old Trafford, Manchester",,
13.2,1,Jordan,Kohli,2,Good Length,Outside off,Sweep shot,Square,"3rd July, 2018","Old Trafford, Manchester",,
13.1,,Jordan,Kohli,1,Back of a length,Off Stump,Forward defence,Thirdman,"3rd July, 2018","Old Trafford, Manchester",,
12.5,1,Rashid,Kohli,0,Friendly length,Leg Stump,Cut,Gully,"3rd July, 2018","Old Trafford, Manchester",,
17.1,W,Willey,Kohli,4,short,Middle,Reverse sweep,Cover,"6th July, 2018","Sophia Gardens, Cardiff",,
16.5,1,Jordan,Kohli,1,googly,outside leg stump,slog and slog sweep,point,"6th July, 2018","Sophia Gardens, Cardiff",,
16.4,6,Jordan,Kohli,1,Full length,Outside off Stump,upper cut,Mid-off,"6th July, 2018","Sophia Gardens, Cardiff",,
16.2,1,Jordan,Kohli,1,Good Length,Off Stump,Switch hit,Mid-on,"6th July, 2018","Sophia Gardens, Cardiff",,
15.6,2,Willey,Kohli,W,Back of a length,Leg Stump,Scoop/ramp,Deep,"6th July, 2018","Sophia Gardens, Cardiff",,
15.4,1,Willey,Kohli,2,Friendly length,Middle,Helicopter shot,Long off,"6th July, 2018","Sophia Gardens, Cardiff",,
15.3,2,Willey,Kohli,1,short,outside leg stump,French cut,Long on,"6th July, 2018","Sophia Gardens, Cardiff",,
15.2,,Willey,Kohli,6,googly,Outside off Stump,Hook shot,Straight,"6th July, 2018","Sophia Gardens, Cardiff",,
15.1,2,Willey,Kohli,1,Full length,Off Stump,Pull shot,Straight hit,"6th July, 2018","Sophia Gardens, Cardiff",,
13.6,,Plunkett,Kohli,4,Good Length,Leg Stump,Square cut,Wide,"6th July, 2018","Sophia Gardens, Cardiff",,
13.5,2,Plunkett,Kohli,6,Back of a length,Middle,Back defence,Square,"6th July, 2018","Sophia Gardens, Cardiff",,
12.5,1,Rashid,Kohli,2, bouncer,outside leg stump,Off drive,Fine,"6th July, 2018","Sophia Gardens, Cardiff",,
12.4,,Rashid,Kohli,1,Friendly length,Outside off Stump,Straight drive,Fine,"6th July, 2018","Sophia Gardens, Cardiff",,
11.5,1,Ball,Kohli,2,Full length,Off Stump,On drive,Square,"6th July, 2018","Sophia Gardens, Cardiff",,
11.5,1w,Ball,Kohli,1,Good Length,Leg Stump,Sweep shot,Thirdman,"6th July, 2018","Sophia Gardens, Cardiff",,
11.3,1,Ball,Kohli,6,Back of a length,Middle,Forward defence,Gully,"6th July, 2018","Sophia Gardens, Cardiff",,
10.6,6,Rashid,Kohli,2,Friendly length,outside leg stump,Cut,Cover,"6th July, 2018","Sophia Gardens, Cardiff",,
10.5,4,Rashid,Kohli,1,short,Outside off Stump,Reverse sweep,point,"6th July, 2018","Sophia Gardens, Cardiff",,
10.3,1,Rashid,Kohli,2,googly,Off Stump,slog and slog sweep,Mid-off,"6th July, 2018","Sophia Gardens, Cardiff",,
10.2,2,Rashid,Kohli,1,Full length,Leg Stump,upper cut,,"6th July, 2018","Sophia Gardens, Cardiff",,
9.5,1,Plunkett,Kohli,1,Good Length,Middle,Switch hit,,"6th July, 2018","Sophia Gardens, Cardiff",,
9.3,1,Plunkett,Kohli,2,Back of a length,outside leg stump,Scoop/ramp,Square,"6th July, 2018","Sophia Gardens, Cardiff",,
9.2,,Plunkett,Kohli,1,Friendly length,Outside off Stump,Helicopter shot,Thirdman,"6th July, 2018","Sophia Gardens, Cardiff",,
9.1,,Plunkett,Kohli,1,short,Off Stump,French cut,Gully,"6th July, 2018","Sophia Gardens, Cardiff",,
8.6,1,Rashid,Kohli,2,googly,Leg Stump,Hook shot,Cover,"6th July, 2018","Sophia Gardens, Cardiff",,
8.5,2,Rashid,Kohli,0,Full length,Middle,Pull shot,point,"6th July, 2018","Sophia Gardens, Cardiff",,
8.4,2,Rashid,Kohli,1,Good Length,outside leg stump,Square cut,Mid-off,"6th July, 2018","Sophia Gardens, Cardiff",,
8.3,,Rashid,Kohli,1,Back of a length,Outside off Stump,Back defence,Mid-on,"6th July, 2018","Sophia Gardens, Cardiff",,
8.2,2,Rashid,Kohli,1, bouncer,Off Stump,Off drive,Deep,"6th July, 2018","Sophia Gardens, Cardiff",,
8.1,,Rashid,Kohli,1,Friendly length,Leg Stump,slog and slog sweep,Long off,"6th July, 2018","Sophia Gardens, Cardiff",,
7.6,1,Jordan,Kohli,4,Full length,Middle,upper cut,Long on,"6th July, 2018","Sophia Gardens, Cardiff",,
7.4,1,Jordan,Kohli,0,Good Length,outside leg stump,Switch hit,Straight,"6th July, 2018","Sophia Gardens, Cardiff",,
7.2,1,Jordan,Kohli,0,Back of a length,Outside off Stump,Scoop/ramp,Straight hit,"6th July, 2018","Sophia Gardens, Cardiff",,
7.1,,Jordan,Kohli,1,Friendly length,Off Stump,Helicopter shot,Wide,"6th July, 2018","Sophia Gardens, Cardiff",,
14.5,W,Jordan,Kohli,4,short,Leg Stump,French cut,Square,"8th July, 2018","County Ground, Bristol",,
14.1,1,Jordan,Kohli,W,googly,Middle,Hook shot,Fine,"8th July, 2018","County Ground, Bristol",,
14.1,1w,Jordan,Kohli,1,Full length,outside leg stump,Pull shot,Square,"8th July, 2018","County Ground, Bristol",,
3.5,1,Plunkett,Kohli,6,Good Length,Outside off Stump,Square cut,Thirdman,"8th July, 2018","County Ground, Bristol",,
13.3,1,Plunkett,Kohli,1,Back of a length,Off Stump,Back defence,Gully,"8th July, 2018","County Ground, Bristol",,
13.2,6,Plunkett,Kohli,1,Friendly length,Leg Stump,Off drive,Cover,"8th July, 2018","County Ground, Bristol",,
13.1,,Plunkett,Kohli,1W,short,Middle,Straight drive,point,"8th July, 2018","County Ground, Bristol",,
12.4,1,Jordan,Kohli,0,googly,outside leg stump,On drive,Mid-off,"8th July, 2018","County Ground, Bristol",,
12.2,1,Jordan,Kohli,1,Full length,Outside off Stump,Sweep shot,,"8th July, 2018","County Ground, Bristol",,
11.5,1,Rashid,Kohli,4,Good Length,Tossed up,Forward defence,Square,"8th July, 2018","County Ground, Bristol",,
11.4,,Rashid,Kohli,1,Back of a length,Off Stump,Cut,Thirdman,"8th July, 2018","County Ground, Bristol",,
11.3,6,Rashid,Kohli,4, bouncer,OutsideOff,Reverse sweep,Gully,"8th July, 2018","County Ground, Bristol",,
11.2,,Rashid,Kohli,1,Friendly length,Off Stump,slog and slog sweep,Cover,"8th July, 2018","County Ground, Bristol",,
10.3,1,Plunkett,Kohli,1,Full length,Leg Stump,upper cut,point,"8th July, 2018","County Ground, Bristol",,
10.2,2,Plunkett,Kohli,1,Good Length,Middle,Switch hit,Mid-off,"8th July, 2018","County Ground, Bristol",,
10.1,2,Plunkett,Kohli,0,Back of a length,outside leg stump,Scoop/ramp,Mid-on,"8th July, 2018","County Ground, Bristol",,
9.3,1,Rashid,Kohli,1,Friendly length,Outside off Stump,Helicopter shot,Deep,"8th July, 2018","County Ground, Bristol",,
9.2,2,Rashid,Kohli,1,short,Off Stump,French cut,Long off,"8th July, 2018","County Ground, Bristol",,
9.1,4,Rashid,Kohli,1,googly,Leg Stump,Hook shot,Long on,"8th July, 2018","County Ground, Bristol",,
8.6,1,Stokes,Kohli,1,Full length,Middle,Pull shot,Straight,"8th July, 2018","County Ground, Bristol",,
8.4,1,Stokes,Kohli,0,Good Length,outside leg stump,Square cut,Straight hit,"8th July, 2018","County Ground, Bristol",,
8.1,1,Stokes,Kohli,1,Back of a length,Outside off Stump,Back defence,Wide,"8th July, 2018","County Ground, Bristol",,
7.6,1,Rashid,Kohli,0,Friendly length,Off Stump,Off drive,Square,"8th July, 2018","County Ground, Bristol",,
7.3,1,Rashid,Kohli,0,short,Leg Stump,Straight drive,Fine,"8th July, 2018","County Ground, Bristol",,
6.6,,Stokes,Kohli,6,googly,Middle,On drive,Square,"8th July, 2018","County Ground, Bristol",,
6.2,1,Stokes,Kohli,1,Full length,outside leg stump,Sweep shot,Thirdman,"8th July, 2018","County Ground, Bristol",,
6.1,,Stokes,Kohli,0,Good Length,Outside off Stump,Forward defence,Gully,"8th July, 2018","County Ground, Bristol",,
5.6,1,Ball,Kohli,2,Back of a length,Off Stump,Cut,Cover,"8th July, 2018","County Ground, Bristol",,
10.4,,Zampa,Kohli,2, bouncer,Leg Stump,Reverse sweep,point,"21st November, 2018","Brisbane Cricket Ground, Brisbane",,
9.6,2,Stoinis,Kohli,0,Friendly length,Middle,slog and slog sweep,Mid-off,"21st November, 2018","Brisbane Cricket Ground, Brisbane",,
9.6,1w,Stoinis,Kohli,1,Full length,outside leg stump,upper cut,,"21st November, 2018","Brisbane Cricket Ground, Brisbane",,
9.4,1lb,Stoinis,Kohli,1,Good Length,Outside off Stump,Switch hit,Square,"21st November, 2018","Brisbane Cricket Ground, Brisbane",,
9.1,1,Stoinis,Kohli,0,Back of a length,Off Stump,Scoop/ramp,Thirdman,"21st November, 2018","Brisbane Cricket Ground, Brisbane",,
8.5,1,Zampa,Kohli,1,Friendly length,Leg Stump,Helicopter shot,Gully,"21st November, 2018","Brisbane Cricket Ground, Brisbane",,
8.4,,Zampa,Kohli,0,short,Middle,French cut,Cover,"21st November, 2018","Brisbane Cricket Ground, Brisbane",,
8.3,,Zampa,Kohli,1,googly,outside leg stump,Hook shot,point,"21st November, 2018","Brisbane Cricket Ground, Brisbane",,
19.4,4,Tye,Kohli,0,Full length,Outside off Stump,Pull shot,Mid-off,"25th November, 2018","Sydney Cricket Ground, Sydney",,
9.3,4,Tye,Kohli,1,Good Length,Off Stump,Square cut,Mid-on,"25th November, 2018","Sydney Cricket Ground, Sydney",,
19.2,,Tye,Kohli,4,Back of a length,Leg Stump,Back defence,Deep,"25th November, 2018","Sydney Cricket Ground, Sydney",,
19.1,,Tye,Kohli,4,Friendly length,Middle,Off drive,Long off,"25th November, 2018","Sydney Cricket Ground, Sydney",,
18.5,1,Starc,Kohli,0,short,outside leg stump,Straight drive,Long on,"25th November, 2018","Sydney Cricket Ground, Sydney",,
18.2,1lb,Starc,Kohli,0,googly,Outside off Stump,On drive,Straight,"25th November, 2018","Sydney Cricket Ground, Sydney",,
18.1,2,Starc,Kohli,1,Full length,Off Stump,Sweep shot,Straight hit,"25th November, 2018","Sydney Cricket Ground, Sydney",,
17.4,1,Tye,Kohli,1lb,Good Length,Leg Stump,Forward defence,Wide,"25th November, 2018","Sydney Cricket Ground, Sydney",,
17.2,1,Tye,Kohli,2,Back of a length,Middle,Cut,Square,"25th November, 2018","Sydney Cricket Ground, Sydney",,
17.1,2,Tye,Kohli,0, bouncer,outside leg stump,Reverse sweep,Fine,"25th November, 2018","Sydney Cricket Ground, Sydney",,
16.4,1,Maxwell,Kohli,2,Friendly length,Outside off Stump,slog and slog sweep,Square,"25th November, 2018","Sydney Cricket Ground, Sydney",,
16.3,6,Maxwell,Kohli,1w,Full length,Off Stump,upper cut,Thirdman,"25th November, 2018","Sydney Cricket Ground, Sydney",,
16.1,1,Maxwell,Kohli,1,Good Length,Leg Stump,Switch hit,Gully,"25th November, 2018","Sydney Cricket Ground, Sydney",,
15.5,1,Tye,Kohli,0,Back of a length,Middle,Scoop/ramp,Cover,"25th November, 2018","Sydney Cricket Ground, Sydney",,
15.4,,Tye,Kohli,1,Friendly length,outside leg stump,Helicopter shot,point,"25th November, 2018","Sydney Cricket Ground, Sydney",,
15.3,6,Tye,Kohli,1,short,Outside off Stump,French cut,Mid-off,"25th November, 2018","Sydney Cricket Ground, Sydney",,
15.2,4,Tye,Kohli,4,googly,Tight line,Hook shot,,"25th November, 2018","Sydney Cricket Ground, Sydney",,
15.1,,Tye,Kohli,0,Full length,Off Stump,Pull shot,Square,"25th November, 2018","Sydney Cricket Ground, Sydney",,
15.1,1w,Tye,Kohli,1,Good Length,Leg Stump,Square cut,Thirdman,"25th November, 2018","Sydney Cricket Ground, Sydney",,
14.5,1,Zampa,Kohli,4,Back of a length,Middle,Back defence,Gully,"25th November, 2018","Sydney Cricket Ground, Sydney",,
14.4,,Zampa,Kohli,1,Friendly length,outside leg stump,Off drive,Cover,"25th November, 2018","Sydney Cricket Ground, Sydney",,
14.2,1,Zampa,Kohli,6,short,Outside off Stump,Cut,point,"25th November, 2018","Sydney Cricket Ground, Sydney",,
12.5,1,Maxwell,Kohli,1,googly,wide outside off,Reverse sweep,Mid-off,"25th November, 2018","Sydney Cricket Ground, Sydney",,
12.4,2,Maxwell,Kohli,1,Full length,middle stump,slog and slog sweep,Mid-on,"25th November, 2018","Sydney Cricket Ground, Sydney",,
12.3,2,Maxwell,Kohli,1,Good Length,,upper cut,Deep,"25th November, 2018","Sydney Cricket Ground, Sydney",,
11.5,3,Zampa,Kohli,1,Back of a length,,Switch hit,Long off,"25th November, 2018","Sydney Cricket Ground, Sydney",,
11.4,2,Zampa,Kohli,2, bouncer,middle stump,Scoop/ramp,Long on,"25th November, 2018","Sydney Cricket Ground, Sydney",,
10.2,1,Maxwell,Kohli,0,Friendly length,,Helicopter shot,Straight,"25th November, 2018","Sydney Cricket Ground, Sydney",,
9.6,4,Zampa,Kohli,0,Full length,,French cut,Straight hit,"25th November, 2018","Sydney Cricket Ground, Sydney",,
9.3,1,Zampa,Kohli,4,Good Length,,Hook shot,Wide,"25th November, 2018","Sydney Cricket Ground, Sydney",,
9.2,1,Zampa,Kohli,2,Back of a length,,Pull shot,Square,"25th November, 2018","Sydney Cricket Ground, Sydney",,
9.1,2,Zampa,Kohli,1,Friendly length, great running. He is so good at that,Square cut,Fine,"25th November, 2018","Sydney Cricket Ground, Sydney",,
8.6,1,Maxwell,Kohli,1,short, he's back and pushing this to midwicket,Back defence,Square,"25th November, 2018","Sydney Cricket Ground, Sydney",,
8.5,,Maxwell,Kohli,4,googly,,Off drive,Thirdman,"25th November, 2018","Sydney Cricket Ground, Sydney",,
